Agency,"Sorted Race","Driver Area",Race,Years,"Agency Type",ShortAgencyName,"Enough Traffic Stops","Traffic Stop Count","Traffic Stop Count All Races","Arrest Counts","Ticket Counts","Warning Counts",MaleStopsForYear,"White Stops","White Male Stops","% of Drivers","Traffic Stop %","Traffic Stop vs Pop Share","100 Percent",Arrests,Tickets,Warnings,"White Arrests","White Tickets","White Warnings","Males as % of Stops","White Male Stop %",ArrestDiffZScore,ArrestDiffPIsLT5pct,MalesDiffPIsLT5pct,"Agencies Included",RaceBarStyle,Tooltip,DriverPctInfo,County,"Stops w/ Search (Any) Count","Stops w/ Search (Any) + Contraband Count","Stops w/ Search (PC/RS) + Contraband + Arrest/Ticket Count","Stops w/ Search (Any) + Contraband + Arrest Count","Stops w/ Search (PC/RS) Pct","Stops w/ Search (Any) + Contraband Pct","Stops w/ Search (Any) + Contraband + Arrest/Ticket Pct","Stops w/ Search (Any) + Contraband + Arrest Pct",ACSCount
"Addison County Sheriff","1 - White","Addison County"," White",2014-18,sheriff,"Addison County",TRUE,6250,6510,7,5946,287,3958,6250,3958,0.96000000000,0.960,1.000,1,0.0011,0.9514,0.0459,0.0011,0.9514,0.0459,0.6333,0.6333,0.0,0.0,0.0,,#58ACFA,Unused,Unused,"Addison County",14,1,1,0,0.002,0.071,0.071,0.000,29922
"Addison County Sheriff","2 - Black","Addison County"," Black",2014-18,sheriff,"Addison County",TRUE,128,6510,1,118,6,112,6250,3958,0.01600000000,0.020,1.229,1,0.0078,0.9219,0.0469,0.0011,0.9514,0.0459,0.8750,0.6333,0.0,0.0,0.0,,#58FAAC,Unused,Unused,"Addison County",2,0,0,0,0.016,0.000,0.000,0.000,533
"Addison County Sheriff","3 - Asian","Addison County"," Asian",2014-18,sheriff,"Addison County",TRUE,60,6510,0,59,1,34,6250,3958,0.02400000000,0.009,0.384,1,0.0000,0.9833,0.0167,0.0011,0.9514,0.0459,0.5667,0.6333,0.0,0.0,0.0,,#9F81F7,Unused,Unused,"Addison County",0,0,0,0,0.000,0.000,0.000,0.000,749
"Addison County Sheriff","5 - Hispanic","Addison County"," Hispanic",2014-18,sheriff,"Addison County",TRUE,60,6510,2,57,1,47,6250,3958,0.00000000000,0.009,NULL,1,0.0333,0.9500,0.0167,0.0011,0.9514,0.0459,0.7833,0.6333,0.0,0.0,0.0,,#F7D358,Unused,Unused,"Addison County",4,2,2,1,0.067,0.500,0.500,0.250,0
"All Police","1 - White","All Vermont"," White",2011-19,police,"All Police",TRUE,332330,356702,4386,111744,213925,186645,332330,186645,NULL,0.932,NULL,1,0.0132,0.3362,0.6437,0.0132,0.3362,0.6437,0.5616,0.5616,0.0,0.0,0.0,,#58ACFA,Unused,Unused,NULL,3743,2727,2116,552,0.011,0.729,0.565,0.147,NULL
"All Police","2 - Black","All Vermont"," Black",2011-19,police,"All Police",TRUE,13679,356702,307,4656,8706,9305,332330,186645,NULL,0.038,NULL,1,0.0224,0.3404,0.6365,0.0132,0.3362,0.6437,0.6802,0.5616,0.0,0.0,0.0,,#58FAAC,Unused,Unused,NULL,494,318,238,51,0.036,0.644,0.482,0.103,NULL
"All Police","3 - Asian","All Vermont"," Asian",2011-19,police,"All Police",TRUE,6986,356702,67,2249,4628,4169,332330,186645,NULL,0.020,NULL,1,0.0096,0.3219,0.6625,0.0132,0.3362,0.6437,0.5968,0.5616,0.0,0.0,0.0,,#9F81F7,Unused,Unused,NULL,43,25,20,6,0.006,0.581,0.465,0.140,NULL
"All Police","5 - Hispanic","All Vermont"," Hispanic",2011-19,police,"All Police",TRUE,3455,356702,66,1566,1820,2434,332330,186645,NULL,0.010,NULL,1,0.0191,0.4533,0.5268,0.0132,0.3362,0.6437,0.7045,0.5616,0.0,0.0,0.0,,#F7D358,Unused,Unused,NULL,68,44,40,4,0.020,0.647,0.588,0.059,NULL
"All Sheriffs","1 - White","All Vermont"," White",2014-18,sheriff,"All Sheriffs",TRUE,73416,75968,404,39702,28521,45501,73416,45501,NULL,0.966,NULL,1,0.0055,0.5408,0.3885,0.0055,0.5408,0.3885,0.6198,0.6198,0.0,0.0,0.0,,#58ACFA,Unused,Unused,NULL,383,259,230,37,0.005,0.676,0.601,0.097,NULL
"All Sheriffs","2 - Black","All Vermont"," Black",2014-18,sheriff,"All Sheriffs",TRUE,1059,75968,7,575,427,794,73416,45501,NULL,0.014,NULL,1,0.0066,0.5430,0.4032,0.0055,0.5408,0.3885,0.7498,0.6198,0.0,0.0,0.0,,#58FAAC,Unused,Unused,NULL,15,10,10,2,0.014,0.667,0.667,0.133,NULL
"All Sheriffs","3 - Asian","All Vermont"," Asian",2014-18,sheriff,"All Sheriffs",TRUE,863,75968,1,471,212,592,73416,45501,NULL,0.011,NULL,1,0.0012,0.5458,0.2457,0.0055,0.5408,0.3885,0.6860,0.6198,0.0,0.0,0.0,,#9F81F7,Unused,Unused,NULL,1,0,0,0,0.001,0.000,0.000,0.000,NULL
"All Sheriffs","5 - Hispanic","All Vermont"," Hispanic",2014-18,sheriff,"All Sheriffs",TRUE,590,75968,7,345,170,428,73416,45501,NULL,0.008,NULL,1,0.0119,0.5847,0.2881,0.0055,0.5408,0.3885,0.7254,0.6198,0.0,0.0,0.0,,#F7D358,Unused,Unused,NULL,5,3,3,2,0.008,0.600,0.600,0.400,NULL
"All Vermont Agencies","1 - White","All Vermont"," White",2010-19,multiple,"All Vermont",TRUE,866638,919028,10442,325220,526414,520628,866638,520628,0.93800000000,0.943,1.005,1,0.0120,0.3753,0.6074,0.0120,0.3753,0.6074,0.6007,0.6007,0.0,0.0,0.0,,#58ACFA,Unused,Unused,NULL,7922,6071,4880,1562,0.009,0.766,0.616,0.197,501468
"All Vermont Agencies","2 - Black","All Vermont"," Black",2010-19,multiple,"All Vermont",TRUE,25851,919028,553,10011,15255,18330,866638,520628,0.02700000000,0.028,1.042,1,0.0214,0.3873,0.5901,0.0120,0.3753,0.6074,0.7091,0.6007,0.0,0.0,0.0,,#58FAAC,Unused,Unused,NULL,870,588,439,124,0.034,0.676,0.505,0.143,8619
"All Vermont Agencies","3 - Asian","All Vermont"," Asian",2010-19,multiple,"All Vermont",TRUE,16061,919028,132,6817,8881,10474,866638,520628,0.02600000000,0.017,0.672,1,0.0082,0.4244,0.5530,0.0120,0.3753,0.6074,0.6521,0.6007,0.0,0.0,0.0,,#9F81F7,Unused,Unused,NULL,86,57,48,18,0.005,0.663,0.558,0.209,10945
"All Vermont Agencies","5 - Hispanic","All Vermont"," Hispanic",2010-19,multiple,"All Vermont",TRUE,9728,919028,174,4507,4972,7124,866638,520628,0.00800000000,0.011,1.323,1,0.0179,0.4633,0.5111,0.0120,0.3753,0.6074,0.7323,0.6007,0.0,0.0,0.0,,#F7D358,Unused,Unused,NULL,229,152,114,30,0.024,0.664,0.498,0.131,0
"Barre City Police","1 - White","Barre City"," White","2014-15,17,18",police,"Barre City",TRUE,2682,2760,60,595,2046,1558,2682,1558,0.96800000000,0.972,1.004,1,0.0224,0.2218,0.7629,0.0224,0.2218,0.7629,0.5809,0.5809,0.0,0.0,0.0,,#58ACFA,Unused,Unused,"Washington County",8,5,3,0,0.003,0.625,0.375,0.000,6937
"Barre City Police","2 - Black","Barre City"," Black","2014-15,17,18",police,"Barre City",TRUE,51,2760,2,13,37,45,2682,1558,0.01200000000,0.018,1.540,1,0.0392,0.2549,0.7255,0.0224,0.2218,0.7629,0.8824,0.5809,0.0,0.0,0.0,,#58FAAC,Unused,Unused,"Washington County",0,0,0,0,0.000,0.000,0.000,0.000,159
"Barre City Police","3 - Asian","Barre City"," Asian",2018,police,"Barre City",FALSE,9,1438,0,0,0,7,1397,793,0.01300000000,0.006,0.481,1,,,,0.0165,0.1131,0.8862,,0.5676,0.0,0.0,0.0,,#9F81F7,Unused,Unused,"Washington County",0,0,0,0,0.000,0.000,0.000,0.000,79
"Barre City Police","5 - Hispanic","Barre City"," Hispanic","2014-15,17,18",police,"Barre City",FALSE,17,2760,0,0,0,8,2682,1558,0.00700000000,0.006,0.880,1,,,,0.0224,0.2218,0.7629,,0.5809,0.0,0.0,0.0,,#F7D358,Unused,Unused,"Washington County",0,0,0,0,0.000,0.000,0.000,0.000,0
"Barre Town Police","1 - White","Barre Town"," White",2014-18,police,"Barre Town",TRUE,7088,7189,5,1649,5454,4329,7088,4329,0.98000000000,0.986,1.006,1,0.0007,0.2326,0.7695,0.0007,0.2326,0.7695,0.6108,0.6108,0.0,0.0,0.0,,#58ACFA,Unused,Unused,"Washington County",17,14,14,0,0.002,0.824,0.824,0.000,6401
"Barre Town Police","2 - Black","Barre Town"," Black",2014-18,police,"Barre Town",TRUE,62,7189,0,29,33,55,7088,4329,0.01100000000,0.009,0.784,1,0.0000,0.4677,0.5323,0.0007,0.2326,0.7695,0.8871,0.6108,0.0,0.0,0.0,,#58FAAC,Unused,Unused,"Washington County",0,0,0,0,0.000,0.000,0.000,0.000,178
"Barre Town Police","3 - Asian","Barre Town"," Asian","2015,17-18",police,"Barre Town",FALSE,18,6257,0,0,0,13,6171,3753,0.00500000000,0.003,0.575,1,,,,0.0008,0.2238,0.7783,,0.6082,0.0,0.0,0.0,,#9F81F7,Unused,Unused,"Washington County",0,0,0,0,0.000,0.000,0.000,0.000,32
"Barre Town Police","5 - Hispanic","Barre Town"," Hispanic",2014-18,police,"Barre Town",TRUE,21,7189,0,9,12,20,7088,4329,0.00500000000,0.003,0.584,1,0.0000,0.4286,0.5714,0.0007,0.2326,0.7695,0.9524,0.6108,0.0,0.0,0.0,,#F7D358,Unused,Unused,"Washington County",0,0,0,0,0.000,0.000,0.000,0.000,0
"Bellows Falls Police","1 - White","Bellows Falls"," White",2016-18,police,"Bellows Falls",TRUE,2318,2423,60,507,1681,897,2318,897,0.98000000000,0.957,0.976,1,0.0259,0.2187,0.7252,0.0259,0.2187,0.7252,0.3870,0.3870,0.0,0.0,0.0,,#58ACFA,Unused,Unused,"Windham County",80,62,49,17,0.035,0.775,0.613,0.213,2344
"Bellows Falls Police","2 - Black","Bellows Falls"," Black",2016-18,police,"Bellows Falls",TRUE,57,2423,3,12,39,24,2318,897,0.01000000000,0.024,2.352,1,0.0526,0.2105,0.6842,0.0259,0.2187,0.7252,0.4211,0.3870,0.0,0.0,0.0,,#58FAAC,Unused,Unused,"Windham County",11,10,5,3,0.193,0.909,0.455,0.273,67
"Bellows Falls Police","3 - Asian","Bellows Falls"," Asian",2016-18,police,"Bellows Falls",FALSE,18,2423,0,0,0,9,2318,897,0.00000000000,0.007,NULL,1,,,,0.0259,0.2187,0.7252,,0.3870,0.0,0.0,0.0,,#9F81F7,Unused,Unused,"Windham County",0,0,0,0,0.000,0.000,0.000,0.000,0
"Bellows Falls Police","5 - Hispanic","Bellows Falls"," Hispanic",2017-18,police,"Bellows Falls",TRUE,30,1718,2,6,22,19,1639,897,0.01000000000,0.017,1.746,1,0.0667,0.2000,0.7333,0.0214,0.2050,0.7834,0.6333,0.5473,0.0,0.0,0.0,,#F7D358,Unused,Unused,"Windham County",4,4,2,1,0.133,1.000,0.500,0.250,0
"Bennington County Sheriff","1 - White","Bennington County"," White",2017-18,sheriff,"Bennington County",TRUE,3865,3986,9,1979,1937,2257,3865,2257,0.95100000000,0.970,1.020,1,0.0023,0.5120,0.5012,0.0023,0.5120,0.5012,0.5840,0.5840,0.0,0.0,0.0,,#58ACFA,Unused,Unused,"Bennington County",50,38,35,1,0.013,0.760,0.700,0.020,29344
"Bennington County Sheriff","2 - Black","Bennington County"," Black",2017-18,sheriff,"Bennington County",TRUE,48,3986,0,24,25,31,3865,2257,0.02000000000,0.012,0.602,1,0.0000,0.5000,0.5208,0.0023,0.5120,0.5012,0.6458,0.5840,0.0,0.0,0.0,,#58FAAC,Unused,Unused,"Bennington County",0,0,0,0,0.000,0.000,0.000,0.000,514
"Bennington County Sheriff","3 - Asian","Bennington County"," Asian",2017-18,sheriff,"Bennington County",TRUE,36,3986,0,15,21,22,3865,2257,0.02900000000,0.009,0.311,1,0.0000,0.4167,0.5833,0.0023,0.5120,0.5012,0.6111,0.5840,0.0,0.0,0.0,,#9F81F7,Unused,Unused,"Bennington County",0,0,0,0,0.000,0.000,0.000,0.000,215
"Bennington County Sheriff","5 - Hispanic","Bennington County"," Hispanic",2017-18,sheriff,"Bennington County",TRUE,34,3986,0,10,24,20,3865,2257,0.00000000000,0.009,NULL,1,0.0000,0.2941,0.7059,0.0023,0.5120,0.5012,0.5882,0.5840,0.0,0.0,0.0,,#F7D358,Unused,Unused,"Bennington County",0,0,0,0,0.000,0.000,0.000,0.000,0
"Bennington Police","1 - White",Bennington," White",2014-19,police,Bennington,TRUE,22480,23850,351,14589,7185,13354,22480,13354,0.95900000000,0.943,0.983,1,0.0156,0.6490,0.3196,0.0156,0.6490,0.3196,0.5940,0.5940,0.0,0.0,0.0,,#58ACFA,Unused,Unused,"Bennington County",277,202,192,55,0.012,0.729,0.693,0.199,7221
"Bennington Police","2 - Black",Bennington," Black",2014-19,police,Bennington,TRUE,630,23850,14,391,223,472,22480,13354,0.01900000000,0.026,1.390,1,0.0222,0.6206,0.3540,0.0156,0.6490,0.3196,0.7492,0.5940,0.0,0.0,0.0,,#58FAAC,Unused,Unused,"Bennington County",31,24,21,2,0.049,0.774,0.677,0.065,59
"Bennington Police","3 - Asian",Bennington," Asian",2014-19,police,Bennington,TRUE,346,23850,4,263,78,228,22480,13354,0.01400000000,0.015,1.036,1,0.0116,0.7601,0.2254,0.0156,0.6490,0.3196,0.6590,0.5940,0.0,0.0,0.0,,#9F81F7,Unused,Unused,"Bennington County",2,2,2,1,0.006,1.000,1.000,0.500,67
"Bennington Police","5 - Hispanic",Bennington," Hispanic",2014-19,police,Bennington,TRUE,368,23850,13,218,135,261,22480,13354,0.00800000000,0.015,1.929,1,0.0353,0.5924,0.3668,0.0156,0.6490,0.3196,0.7092,0.5940,0.0,0.0,0.0,,#F7D358,Unused,Unused,"Bennington County",7,6,6,2,0.019,0.857,0.857,0.286,0
"Berlin Police","1 - White",Berlin," White",2015-18,police,Berlin,TRUE,2662,2777,75,600,1537,1640,2662,1640,0.97100000000,0.959,0.987,1,0.0282,0.2254,0.5774,0.0282,0.2254,0.5774,0.6161,0.6161,0.0,0.0,0.0,,#58ACFA,Unused,Unused,"Washington County",57,45,23,6,0.021,0.789,0.404,0.105,2372
"Berlin Police","2 - Black",Berlin," Black",2015-18,police,Berlin,TRUE,68,2777,5,13,40,54,2662,1640,0.01300000000,0.024,1.884,1,0.0735,0.1912,0.5882,0.0282,0.2254,0.5774,0.7941,0.6161,0.0,0.0,0.0,,#58FAAC,Unused,Unused,"Washington County",5,4,1,1,0.074,0.800,0.200,0.200,12
"Berlin Police","3 - Asian",Berlin," Asian","2015-16,18",police,Berlin,TRUE,28,2676,0,3,20,17,2566,1576,0.01000000000,0.010,1.046,1,0.0000,0.1071,0.7143,0.0292,0.2214,0.5748,0.6071,0.6142,0.0,0.0,0.0,,#9F81F7,Unused,Unused,"Washington County",1,0,0,0,0.036,0.000,0.000,0.000,22
"Berlin Police","5 - Hispanic",Berlin," Hispanic",2016-18,police,Berlin,FALSE,18,2710,0,0,0,13,2598,1598,0.00600000000,0.007,1.107,1,,,,0.0289,0.2309,0.5916,,0.6151,0.0,0.0,0.0,,#F7D358,Unused,Unused,"Washington County",0,0,0,0,0.000,0.000,0.000,0.000,0
"Bradford Police","1 - White",Bradford," White",2015-18,police,Bradford,TRUE,1604,1620,0,122,1481,873,1604,873,0.92900000000,0.990,1.066,1,0.0000,0.0761,0.9233,0.0000,0.0761,0.9233,0.5443,0.5443,0.0,0.0,0.0,,#58ACFA,Unused,Unused,"Orange County",0,0,0,0,0.000,0.000,0.000,0.000,490
"Bradford Police","2 - Black",Bradford," Black",2017-18,police,Bradford,FALSE,5,1595,0,0,0,4,1579,863,0.01800000000,0.003,0.174,1,,,,0.0000,0.0773,0.9379,,0.5465,0.0,0.0,0.0,,#58FAAC,Unused,Unused,"Orange County",0,0,0,0,0.000,0.000,0.000,0.000,0
"Bradford Police","3 - Asian",Bradford," Asian",2017-18,police,Bradford,FALSE,3,1595,0,0,0,1,1579,863,0.01800000000,0.002,0.104,1,,,,0.0000,0.0773,0.9379,,0.5465,0.0,0.0,0.0,,#9F81F7,Unused,Unused,"Orange County",0,0,0,0,0.000,0.000,0.000,0.000,0
"Bradford Police","5 - Hispanic",Bradford," Hispanic",2017-18,police,Bradford,FALSE,7,1595,0,0,0,6,1579,863,0.03600000000,0.004,0.122,1,,,,0.0000,0.0773,0.9379,,0.5465,0.0,0.0,0.0,,#F7D358,Unused,Unused,"Orange County",0,0,0,0,0.000,0.000,0.000,0.000,0
"Brandon Police","1 - White",Brandon," White",2014-18,police,Brandon,TRUE,2790,2868,58,760,1878,1715,2790,1715,0.95700000000,0.973,1.017,1,0.0208,0.2724,0.6731,0.0208,0.2724,0.6731,0.6147,0.6147,0.0,0.0,0.0,,#58ACFA,Unused,Unused,"Rutland County",57,36,33,11,0.020,0.632,0.579,0.193,1107
"Brandon Police","2 - Black",Brandon," Black",2014-18,police,Brandon,TRUE,42,2868,1,12,28,26,2790,1715,0.01800000000,0.015,0.814,1,0.0238,0.2857,0.6667,0.0208,0.2724,0.6731,0.6190,0.6147,0.0,0.0,0.0,,#58FAAC,Unused,Unused,"Rutland County",3,1,1,0,0.071,0.333,0.333,0.000,0
"Brandon Police","3 - Asian",Brandon," Asian",2014-18,police,Brandon,FALSE,19,2868,0,0,0,11,2790,1715,0.01500000000,0.007,0.442,1,,,,0.0208,0.2724,0.6731,,0.6147,0.0,0.0,0.0,,#9F81F7,Unused,Unused,"Rutland County",0,0,0,0,0.000,0.000,0.000,0.000,34
"Brandon Police","5 - Hispanic",Brandon," Hispanic",2014-18,police,Brandon,FALSE,16,2868,0,0,0,12,2790,1715,0.00900000000,0.006,0.620,1,,,,0.0208,0.2724,0.6731,,0.6147,0.0,0.0,0.0,,#F7D358,Unused,Unused,"Rutland County",0,0,0,0,0.000,0.000,0.000,0.000,0
"Brattleboro Police","1 - White",Brattleboro," White",2014-19,police,Brattleboro,TRUE,17862,18830,137,2258,15315,9895,17862,9895,0.95500000000,0.949,0.993,1,0.0077,0.1264,0.8574,0.0077,0.1264,0.8574,0.5540,0.5540,0.0,0.0,0.0,,#58ACFA,Unused,Unused,"Windham County",57,28,21,13,0.003,0.491,0.368,0.228,5496
"Brattleboro Police","2 - Black",Brattleboro," Black",2014-19,police,Brattleboro,TRUE,568,18830,21,132,422,383,17862,9895,0.02200000000,0.030,1.371,1,0.0370,0.2324,0.7430,0.0077,0.1264,0.8574,0.6743,0.5540,0.0,0.0,0.0,,#58FAAC,Unused,Unused,"Windham County",16,6,5,3,0.028,0.375,0.313,0.188,111
"Brattleboro Police","3 - Asian",Brattleboro," Asian",2014-19,police,Brattleboro,TRUE,203,18830,1,28,171,119,17862,9895,0.01800000000,0.011,0.599,1,0.0049,0.1379,0.8424,0.0077,0.1264,0.8574,0.5862,0.5540,0.0,0.0,0.0,,#9F81F7,Unused,Unused,"Windham County",2,0,0,0,0.010,0.000,0.000,0.000,178
"Brattleboro Police","5 - Hispanic",Brattleboro," Hispanic",2014-19,police,Brattleboro,TRUE,193,18830,4,30,160,143,17862,9895,0.00500000000,0.010,2.050,1,0.0207,0.1554,0.8290,0.0077,0.1264,0.8574,0.7409,0.5540,0.0,0.0,0.0,,#F7D358,Unused,Unused,"Windham County",1,0,0,0,0.005,0.000,0.000,0.000,0
"Bristol Police","1 - White",Bristol," White",2014-18,police,Bristol,TRUE,1403,1435,12,690,691,833,1403,833,0.95100000000,0.978,1.028,1,0.0086,0.4918,0.4925,0.0086,0.4918,0.4925,0.5937,0.5937,0.0,0.0,0.0,,#58ACFA,Unused,Unused,"Addison County",17,15,14,2,0.012,0.882,0.824,0.118,1429
"Bristol Police","2 - Black",Bristol," Black","2014-15,17,18",police,Bristol,FALSE,16,1324,0,0,0,9,1292,767,0.02400000000,0.012,0.504,1,,,,0.0077,0.4830,0.5023,,0.5937,0.0,0.0,0.0,,#58FAAC,Unused,Unused,"Addison County",0,0,0,0,0.000,0.000,0.000,0.000,61
"Bristol Police","3 - Asian",Bristol," Asian",2017-18,police,Bristol,FALSE,5,967,0,0,0,3,941,549,0.01200000000,0.005,0.431,1,,,,0.0053,0.3889,0.6047,,0.5834,0.0,0.0,0.0,,#9F81F7,Unused,Unused,"Addison County",0,0,0,0,0.000,0.000,0.000,0.000,36
"Bristol Police","5 - Hispanic",Bristol," Hispanic","2015,17-18",police,Bristol,FALSE,9,1253,0,0,0,7,1224,722,0.01200000000,0.007,0.599,1,,,,0.0065,0.4755,0.5123,,0.5899,0.0,0.0,0.0,,#F7D358,Unused,Unused,"Addison County",0,0,0,0,0.000,0.000,0.000,0.000,0
"Burlington Police","1 - White",Burlington," White",2012-19,police,Burlington,TRUE,28652,33071,270,6756,21456,16326,28652,16326,0.87300000000,0.866,0.992,1,0.0094,0.2358,0.7488,0.0094,0.2358,0.7488,0.5698,0.5698,0.0,0.0,0.0,,#58ACFA,Unused,Unused,"Chittenden County",345,249,143,35,0.012,0.722,0.414,0.101,33145
"Burlington Police","2 - Black",Burlington," Black",2012-19,police,Burlington,TRUE,2760,33071,44,823,1911,1984,28652,16326,0.06400000000,0.083,1.304,1,0.0159,0.2982,0.6924,0.0094,0.2358,0.7488,0.7188,0.5698,0.0,0.0,0.0,,#58FAAC,Unused,Unused,"Chittenden County",118,77,54,12,0.043,0.653,0.458,0.102,1992
"Burlington Police","3 - Asian",Burlington," Asian",2012-19,police,Burlington,TRUE,1411,33071,12,322,1062,907,28652,16326,0.05400000000,0.043,0.790,1,0.0085,0.2282,0.7527,0.0094,0.2358,0.7488,0.6428,0.5698,0.0,0.0,0.0,,#9F81F7,Unused,Unused,"Chittenden County",7,4,4,2,0.005,0.571,0.571,0.286,2575
"Burlington Police","5 - Hispanic",Burlington," Hispanic",2012-19,police,Burlington,TRUE,231,33071,2,77,163,154,28652,16326,0.00900000000,0.007,0.776,1,0.0087,0.3333,0.7056,0.0094,0.2358,0.7488,0.6667,0.5698,0.0,0.0,0.0,,#F7D358,Unused,Unused,"Chittenden County",6,3,3,1,0.026,0.500,0.500,0.167,0
"Caledonia County Sheriff","1 - White","Caledonia County"," White",2015-18,sheriff,"Caledonia County",TRUE,1173,1201,9,888,288,718,1173,718,1.00000000000,0.977,0.977,1,0.0077,0.7570,0.2455,0.0077,0.7570,0.2455,0.6121,0.6121,0.0,0.0,0.0,,#58ACFA,Unused,Unused,"Caledonia County",10,6,5,2,0.009,0.600,0.500,0.200,24767
"Caledonia County Sheriff","2 - Black","Caledonia County"," Black",2015-18,sheriff,"Caledonia County",FALSE,17,1201,0,0,0,13,1173,718,0.01100000000,0.014,1.287,1,,,,0.0077,0.7570,0.2455,,0.6121,0.0,0.0,0.0,,#58FAAC,Unused,Unused,"Caledonia County",0,0,0,0,0.000,0.000,0.000,0.000,261
"Caledonia County Sheriff","3 - Asian","Caledonia County"," Asian",2015-18,sheriff,"Caledonia County",FALSE,6,1201,0,0,0,3,1173,718,0.01200000000,0.005,0.416,1,,,,0.0077,0.7570,0.2455,,0.6121,0.0,0.0,0.0,,#9F81F7,Unused,Unused,"Caledonia County",0,0,0,0,0.000,0.000,0.000,0.000,308
"Caledonia County Sheriff","5 - Hispanic","Caledonia County"," Hispanic",2015;2018,sheriff,"Caledonia County",FALSE,2,354,0,0,0,2,345,203,0.00000000000,0.006,NULL,1,,,,0.0058,0.7449,0.2580,,0.5884,0.0,0.0,0.0,,#F7D358,Unused,Unused,"Caledonia County",0,0,0,0,0.000,0.000,0.000,0.000,0
"Castleton Police","1 - White",Castleton," White",2016-18,police,Castleton,TRUE,2657,2731,5,1551,108,1560,2657,1560,0.98500000000,0.973,0.988,1,0.0019,0.5837,0.0406,0.0019,0.5837,0.0406,0.5871,0.5871,0.0,0.0,0.0,,#58ACFA,Unused,Unused,"Rutland County",12,11,11,0,0.005,0.917,0.917,0.000,1264
"Castleton Police","2 - Black",Castleton," Black",2016-18,police,Castleton,TRUE,40,2731,0,20,0,31,2657,1560,0.01000000000,0.015,1.465,1,0.0000,0.5000,0.0000,0.0019,0.5837,0.0406,0.7750,0.5871,0.0,0.0,0.0,,#58FAAC,Unused,Unused,"Rutland County",2,2,2,0,0.050,1.000,1.000,0.000,24
"Castleton Police","3 - Asian",Castleton," Asian",2016-18,police,Castleton,FALSE,15,2731,0,0,0,9,2657,1560,0.00500000000,0.005,1.098,1,,,,0.0019,0.5837,0.0406,,0.5871,0.0,0.0,0.0,,#9F81F7,Unused,Unused,"Rutland County",0,0,0,0,0.000,0.000,0.000,0.000,26
"Castleton Police","5 - Hispanic",Castleton," Hispanic",2016-18,police,Castleton,FALSE,19,2731,0,0,0,11,2657,1560,0.00000000000,0.007,NULL,1,,,,0.0019,0.5837,0.0406,,0.5871,0.0,0.0,0.0,,#F7D358,Unused,Unused,"Rutland County",0,0,0,0,0.000,0.000,0.000,0.000,0
"Chester Police","1 - White",Chester," White",2016-18,police,Chester,TRUE,853,924,0,727,113,590,853,590,0.93700000000,0.923,0.985,1,0.0000,0.8523,0.1325,0.0000,0.8523,0.1325,0.6917,0.6917,0.0,0.0,0.0,,#58ACFA,Unused,Unused,"Windsor County",1,1,1,0,0.001,1.000,1.000,0.000,662
"Chester Police","2 - Black",Chester," Black",2016-18,police,Chester,FALSE,16,924,0,0,0,15,853,590,0.02100000000,0.017,0.825,1,,,,0.0000,0.8523,0.1325,,0.6917,0.0,0.0,0.0,,#58FAAC,Unused,Unused,"Windsor County",0,0,0,0,0.000,0.000,0.000,0.000,0
"Chester Police","3 - Asian",Chester," Asian",2016-18,police,Chester,TRUE,23,924,0,23,0,18,853,590,0.02100000000,0.025,1.185,1,0.0000,1.0000,0.0000,0.0000,0.8523,0.1325,0.7826,0.6917,0.0,0.0,0.0,,#9F81F7,Unused,Unused,"Windsor County",0,0,0,0,0.000,0.000,0.000,0.000,0
"Chester Police","5 - Hispanic",Chester," Hispanic",2017-18,police,Chester,TRUE,24,821,0,21,2,21,752,531,0.02100000000,0.029,1.392,1,0.0000,0.8750,0.0833,0.0000,0.9202,0.0638,0.8750,0.7061,0.0,0.0,0.0,,#F7D358,Unused,Unused,"Windsor County",0,0,0,0,0.000,0.000,0.000,0.000,0
"Chittenden County Sheriff","1 - White","Chittenden County"," White",2015-18,sheriff,"Chittenden County",TRUE,7873,8214,59,4106,3899,4726,7873,4726,1.00000000000,0.958,0.958,1,0.0075,0.5215,0.4952,0.0075,0.5215,0.4952,0.6003,0.6003,0.0,0.0,0.0,,#58ACFA,Unused,Unused,"Chittenden County",37,23,23,5,0.005,0.622,0.622,0.135,125749
"Chittenden County Sheriff","2 - Black","Chittenden County"," Black",2015-18,sheriff,"Chittenden County",TRUE,205,8214,1,104,107,147,7873,4726,0.03000000000,0.025,0.832,1,0.0049,0.5073,0.5220,0.0075,0.5215,0.4952,0.7171,0.6003,0.0,0.0,0.0,,#58FAAC,Unused,Unused,"Chittenden County",3,2,2,0,0.015,0.667,0.667,0.000,3602
"Chittenden County Sheriff","3 - Asian","Chittenden County"," Asian",2015-18,sheriff,"Chittenden County",TRUE,108,8214,0,51,58,66,7873,4726,0.04600000000,0.013,0.286,1,0.0000,0.4722,0.5370,0.0075,0.5215,0.4952,0.6111,0.6003,0.0,0.0,0.0,,#9F81F7,Unused,Unused,"Chittenden County",0,0,0,0,0.000,0.000,0.000,0.000,6193
"Chittenden County Sheriff","5 - Hispanic","Chittenden County"," Hispanic",2018,sheriff,"Chittenden County",TRUE,25,2215,0,15,12,15,2109,1287,0.00000000000,0.011,NULL,1,0.0000,0.6000,0.4800,0.0057,0.5273,0.4893,0.6000,0.6102,0.0,0.0,0.0,,#F7D358,Unused,Unused,"Chittenden County",0,0,0,0,0.000,0.000,0.000,0.000,0
"Colchester Police","1 - White",Colchester," White",2014-19,police,Colchester,TRUE,17800,19088,116,5531,12481,10623,17800,10623,0.94400000000,0.933,0.988,1,0.0065,0.3107,0.7012,0.0065,0.3107,0.7012,0.5968,0.5968,0.0,0.0,0.0,,#58ACFA,Unused,Unused,"Chittenden County",212,172,139,8,0.012,0.811,0.656,0.038,14136
"Colchester Police","2 - Black",Colchester," Black",2014-19,police,Colchester,TRUE,801,19088,16,267,544,612,17800,10623,0.03400000000,0.042,1.234,1,0.0200,0.3333,0.6792,0.0065,0.3107,0.7012,0.7640,0.5968,0.0,0.0,0.0,,#58FAAC,Unused,Unused,"Chittenden County",21,14,11,2,0.026,0.667,0.524,0.095,185
"Colchester Police","3 - Asian",Colchester," Asian",2014-19,police,Colchester,TRUE,375,19088,1,107,270,234,17800,10623,0.01900000000,0.020,1.034,1,0.0027,0.2853,0.7200,0.0065,0.3107,0.7012,0.6240,0.5968,0.0,0.0,0.0,,#9F81F7,Unused,Unused,"Chittenden County",3,3,2,1,0.008,1.000,0.667,0.333,373
"Colchester Police","5 - Hispanic",Colchester," Hispanic",2014-19,police,Colchester,TRUE,105,19088,0,33,75,68,17800,10623,0.00300000000,0.006,1.834,1,0.0000,0.3143,0.7143,0.0065,0.3107,0.7012,0.6476,0.5968,0.0,0.0,0.0,,#F7D358,Unused,Unused,"Chittenden County",1,1,1,0,0.010,1.000,1.000,0.000,0
"Dover Police","1 - White",Dover," White",2015-18,police,Dover,TRUE,980,1056,1,361,633,665,980,665,0.96600000000,0.928,0.961,1,0.0010,0.3684,0.6459,0.0010,0.3684,0.6459,0.6786,0.6786,0.0,0.0,0.0,,#58ACFA,Unused,Unused,"Windham County",5,5,5,0,0.005,1.000,1.000,0.000,973
"Dover Police","2 - Black",Dover," Black",2015-18,police,Dover,TRUE,21,1056,0,5,17,19,980,665,0.00700000000,0.020,2.841,1,0.0000,0.2381,0.8095,0.0010,0.3684,0.6459,0.9048,0.6786,0.0,0.0,0.0,,#58FAAC,Unused,Unused,"Windham County",1,1,1,0,0.048,1.000,1.000,0.000,15
"Dover Police","3 - Asian",Dover," Asian",2015-18,police,Dover,FALSE,13,1056,0,0,0,9,980,665,0.01100000000,0.012,1.119,1,,,,0.0010,0.3684,0.6459,,0.6786,0.0,0.0,0.0,,#9F81F7,Unused,Unused,"Windham County",0,0,0,0,0.000,0.000,0.000,0.000,16
"Dover Police","5 - Hispanic",Dover," Hispanic",2015-18,police,Dover,TRUE,41,1056,0,19,22,30,980,665,0.01500000000,0.039,2.588,1,0.0000,0.4634,0.5366,0.0010,0.3684,0.6459,0.7317,0.6786,0.0,0.0,0.0,,#F7D358,Unused,Unused,"Windham County",1,1,1,0,0.024,1.000,1.000,0.000,0
"Essex Police","1 - White",Essex," White",2014-19,police,Essex,TRUE,17173,18572,158,4801,12392,10047,17173,10047,0.93100000000,0.925,0.993,1,0.0092,0.2796,0.7216,0.0092,0.2796,0.7216,0.5850,0.5850,0.0,0.0,0.0,,#58ACFA,Unused,Unused,"Chittenden County",81,63,55,25,0.005,0.778,0.679,0.309,7437
"Essex Police","2 - Black",Essex," Black",2014-19,police,Essex,TRUE,682,18572,5,240,451,490,17173,10047,0.02600000000,0.037,1.412,1,0.0073,0.3519,0.6613,0.0092,0.2796,0.7216,0.7185,0.5850,0.0,0.0,0.0,,#58FAAC,Unused,Unused,"Chittenden County",6,5,5,0,0.009,0.833,0.833,0.000,197
"Essex Police","3 - Asian",Essex," Asian",2014-19,police,Essex,TRUE,506,18572,1,141,370,329,17173,10047,0.03500000000,0.027,0.778,1,0.0020,0.2787,0.7312,0.0092,0.2796,0.7216,0.6502,0.5850,0.0,0.0,0.0,,#9F81F7,Unused,Unused,"Chittenden County",2,2,2,0,0.004,1.000,1.000,0.000,605
"Essex Police","5 - Hispanic",Essex," Hispanic",2014-19,police,Essex,TRUE,188,18572,1,73,119,137,17173,10047,0.00800000000,0.010,1.265,1,0.0053,0.3883,0.6330,0.0092,0.2796,0.7216,0.7287,0.5850,0.0,0.0,0.0,,#F7D358,Unused,Unused,"Chittenden County",3,3,3,0,0.016,1.000,1.000,0.000,0
"Fair Haven Police","1 - White","Fair Haven"," White","2015,17-18",police,"Fair Haven",TRUE,2040,2129,12,1670,362,1215,2040,1215,0.95000000000,0.958,1.009,1,0.0059,0.8186,0.1775,0.0059,0.8186,0.1775,0.5956,0.5956,0.0,0.0,0.0,,#58ACFA,Unused,Unused,"Rutland County",7,6,6,1,0.003,0.857,0.857,0.143,1800
"Fair Haven Police","2 - Black","Fair Haven"," Black","2015,17-18",police,"Fair Haven",TRUE,38,2129,0,31,7,29,2040,1215,0.01700000000,0.018,1.050,1,0.0000,0.8158,0.1842,0.0059,0.8186,0.1775,0.7632,0.5956,0.0,0.0,0.0,,#58FAAC,Unused,Unused,"Rutland County",0,0,0,0,0.000,0.000,0.000,0.000,28
"Fair Haven Police","3 - Asian","Fair Haven"," Asian","2015,17-18",police,"Fair Haven",TRUE,28,2129,0,26,2,21,2040,1215,0.02600000000,0.013,0.506,1,0.0000,0.9286,0.0714,0.0059,0.8186,0.1775,0.7500,0.5956,0.0,0.0,0.0,,#9F81F7,Unused,Unused,"Rutland County",0,0,0,0,0.000,0.000,0.000,0.000,59
"Fair Haven Police","5 - Hispanic","Fair Haven"," Hispanic",2017-18,police,"Fair Haven",TRUE,22,1766,1,19,2,14,1684,1007,0.00700000000,0.012,1.780,1,0.0455,0.8636,0.0909,0.0065,0.8949,0.0980,0.6364,0.5980,0.0,0.0,0.0,,#F7D358,Unused,Unused,"Rutland County",0,0,0,0,0.000,0.000,0.000,0.000,0
"Fairlee Police","1 - White",Fairlee," White","2015,17-18",police,Fairlee,TRUE,172,177,0,43,97,117,172,117,0.96200000000,0.972,1.010,1,0.0000,0.2500,0.5640,0.0000,0.2500,0.5640,0.6802,0.6802,0.0,0.0,0.0,,#58ACFA,Unused,Unused,"Orange County",0,0,0,0,0.000,0.000,0.000,0.000,195
"Fairlee Police","2 - Black",Fairlee," Black",2015,police,Fairlee,FALSE,3,110,0,0,0,0,106,68,0.00000000000,0.027,NULL,1,,,,0.0000,0.1226,0.8774,,0.6415,0.0,0.0,0.0,,#58FAAC,Unused,Unused,"Orange County",0,0,0,0,0.000,0.000,0.000,0.000,0
"Fairlee Police","5 - Hispanic",Fairlee," Hispanic",2015;2018,police,Fairlee,FALSE,2,155,0,0,0,2,150,99,0.00000000000,0.013,NULL,1,,,,0.0000,0.1400,0.6467,,0.6600,0.0,0.0,0.0,,#F7D358,Unused,Unused,"Orange County",0,0,0,0,0.000,0.000,0.000,0.000,0
"Franklin County Sheriff","1 - White","Franklin County"," White",2017-18,sheriff,"Franklin County",TRUE,2757,2801,88,1046,1594,1836,2757,1836,0.95700000000,0.984,1.029,1,0.0319,0.3794,0.5782,0.0319,0.3794,0.5782,0.6659,0.6659,0.0,0.0,0.0,,#58ACFA,Unused,Unused,"Franklin County",38,31,27,13,0.014,0.816,0.711,0.342,37978
"Franklin County Sheriff","2 - Black","Franklin County"," Black",2017-18,sheriff,"Franklin County",TRUE,22,2801,1,13,8,19,2757,1836,0.02000000000,0.008,0.393,1,0.0455,0.5909,0.3636,0.0319,0.3794,0.5782,0.8636,0.6659,0.0,0.0,0.0,,#58FAAC,Unused,Unused,"Franklin County",0,0,0,0,0.000,0.000,0.000,0.000,469
"Franklin County Sheriff","3 - Asian","Franklin County"," Asian",2017-18,sheriff,"Franklin County",FALSE,17,2801,0,0,0,12,2757,1836,0.02000000000,0.006,0.303,1,,,,0.0319,0.3794,0.5782,,0.6659,0.0,0.0,0.0,,#9F81F7,Unused,Unused,"Franklin County",0,0,0,0,0.000,0.000,0.000,0.000,242
"Franklin County Sheriff","5 - Hispanic","Franklin County"," Hispanic",2018,sheriff,"Franklin County",FALSE,3,1382,0,0,0,2,1365,900,0.00300000000,0.002,0.724,1,,,,0.0359,0.3641,0.6095,,0.6593,0.0,0.0,0.0,,#F7D358,Unused,Unused,"Franklin County",0,0,0,0,0.000,0.000,0.000,0.000,0
"Grand Isle Sheriff","1 - White","Grand Isle County"," White",2014-18,sheriff,"Grand Isle County",TRUE,8202,8461,11,1367,7030,5191,8202,5191,0.98700000000,0.969,0.982,1,0.0013,0.1667,0.8571,0.0013,0.1667,0.8571,0.6329,0.6329,0.0,0.0,0.0,,#58ACFA,Unused,Unused,"Grand Isle County",35,28,25,1,0.004,0.800,0.714,0.029,5628
"Grand Isle Sheriff","2 - Black","Grand Isle County"," Black",2014-18,sheriff,"Grand Isle County",TRUE,130,8461,1,31,104,96,8202,5191,0.00400000000,0.015,3.841,1,0.0077,0.2385,0.8000,0.0013,0.1667,0.8571,0.7385,0.6329,0.0,0.0,0.0,,#58FAAC,Unused,Unused,"Grand Isle County",2,1,1,1,0.015,0.500,0.500,0.500,24
"Grand Isle Sheriff","3 - Asian","Grand Isle County"," Asian",2014-18,sheriff,"Grand Isle County",TRUE,60,8461,0,14,46,42,8202,5191,0.00500000000,0.007,1.418,1,0.0000,0.2333,0.7667,0.0013,0.1667,0.8571,0.7000,0.6329,0.0,0.0,0.0,,#9F81F7,Unused,Unused,"Grand Isle County",0,0,0,0,0.000,0.000,0.000,0.000,36
"Grand Isle Sheriff","5 - Hispanic","Grand Isle County"," Hispanic",2014-18,sheriff,"Grand Isle County",TRUE,63,8461,0,19,44,51,8202,5191,0.00800000000,0.007,0.931,1,0.0000,0.3016,0.6984,0.0013,0.1667,0.8571,0.8095,0.6329,0.0,0.0,0.0,,#F7D358,Unused,Unused,"Grand Isle County",0,0,0,0,0.000,0.000,0.000,0.000,0
"Hardwick Police","1 - White",Hardwick," White",2015-18,police,Hardwick,TRUE,1691,1737,30,468,1140,1076,1691,1076,0.97300000000,0.974,1.001,1,0.0177,0.2768,0.6742,0.0177,0.2768,0.6742,0.6363,0.6363,0.0,0.0,0.0,,#58ACFA,Unused,Unused,"Caledonia County",67,54,43,8,0.040,0.806,0.642,0.119,1128
"Hardwick Police","2 - Black",Hardwick," Black",2015-18,police,Hardwick,TRUE,36,1737,1,5,28,25,1691,1076,0.01100000000,0.021,1.884,1,0.0278,0.1389,0.7778,0.0177,0.2768,0.6742,0.6944,0.6363,0.0,0.0,0.0,,#58FAAC,Unused,Unused,"Caledonia County",0,0,0,0,0.000,0.000,0.000,0.000,18
"Hardwick Police","3 - Asian",Hardwick," Asian",2015-17,police,Hardwick,FALSE,8,1408,0,0,0,4,1373,873,0.00900000000,0.006,0.631,1,,,,0.0175,0.2862,0.6642,,0.6358,0.0,0.0,0.0,,#9F81F7,Unused,Unused,"Caledonia County",0,0,0,0,0.000,0.000,0.000,0.000,27
"Hardwick Police","5 - Hispanic",Hardwick," Hispanic",2015-16,police,Hardwick,FALSE,2,900,0,0,0,2,878,553,0.00700000000,0.002,0.317,1,,,,0.0148,0.3041,0.6446,,0.6298,0.0,0.0,0.0,,#F7D358,Unused,Unused,"Caledonia County",0,0,0,0,0.000,0.000,0.000,0.000,0
"Hartford Police","1 - White",Hartford," White",2015-18,police,Hartford,TRUE,5351,5868,78,925,4357,2692,5351,2692,0.95800000000,0.912,0.952,1,0.0146,0.1729,0.8142,0.0146,0.1729,0.8142,0.5031,0.5031,0.0,0.0,0.0,,#58ACFA,Unused,Unused,"Windsor County",87,65,55,20,0.016,0.747,0.632,0.230,7884
"Hartford Police","2 - Black",Hartford," Black",2015-18,police,Hartford,TRUE,216,5868,4,39,166,107,5351,2692,0.01500000000,0.037,2.454,1,0.0185,0.1806,0.7685,0.0146,0.1729,0.8142,0.4954,0.5031,0.0,0.0,0.0,,#58FAAC,Unused,Unused,"Windsor County",6,2,2,1,0.028,0.333,0.333,0.167,116
"Hartford Police","3 - Asian",Hartford," Asian",2015-18,police,Hartford,TRUE,180,5868,2,35,143,101,5351,2692,0.02000000000,0.031,1.534,1,0.0111,0.1944,0.7944,0.0146,0.1729,0.8142,0.5611,0.5031,0.0,0.0,0.0,,#9F81F7,Unused,Unused,"Windsor County",1,1,1,0,0.006,1.000,1.000,0.000,234
"Hartford Police","5 - Hispanic",Hartford," Hispanic",2015-18,police,Hartford,TRUE,107,5868,1,31,74,72,5351,2692,0.00800000000,0.018,2.279,1,0.0093,0.2897,0.6916,0.0146,0.1729,0.8142,0.6729,0.5031,0.0,0.0,0.0,,#F7D358,Unused,Unused,"Windsor County",6,3,3,0,0.056,0.500,0.500,0.000,0
"Hinesburg Police","1 - White",Hinesburg," White",2014-18,police,Hinesburg,TRUE,3880,4011,11,2169,1680,2376,3880,2376,0.96800000000,0.967,0.999,1,0.0028,0.5590,0.4330,0.0028,0.5590,0.4330,0.6124,0.6124,0.0,0.0,0.0,,#58ACFA,Unused,Unused,"Chittenden County",14,8,7,0,0.004,0.571,0.500,0.000,618
"Hinesburg Police","2 - Black",Hinesburg," Black",2014-18,police,Hinesburg,TRUE,72,4011,0,42,30,50,3880,2376,0.01400000000,0.018,1.282,1,0.0000,0.5833,0.4167,0.0028,0.5590,0.4330,0.6944,0.6124,0.0,0.0,0.0,,#58FAAC,Unused,Unused,"Chittenden County",0,0,0,0,0.000,0.000,0.000,0.000,14
"Hinesburg Police","3 - Asian",Hinesburg," Asian","2014-15,17,18",police,Hinesburg,TRUE,40,3887,0,22,18,25,3759,2294,0.01000000000,0.010,1.029,1,0.0000,0.5500,0.4500,0.0029,0.5581,0.4336,0.6250,0.6103,0.0,0.0,0.0,,#9F81F7,Unused,Unused,"Chittenden County",0,0,0,0,0.000,0.000,0.000,0.000,11
"Hinesburg Police","5 - Hispanic",Hinesburg," Hispanic",2014-18,police,Hinesburg,FALSE,17,4011,0,0,0,10,3880,2376,0.00800000000,0.004,0.530,1,,,,0.0028,0.5590,0.4330,,0.6124,0.0,0.0,0.0,,#F7D358,Unused,Unused,"Chittenden County",0,0,0,0,0.000,0.000,0.000,0.000,0
"Killington Police","1 - White",Killington," White",2015-18,police,Killington,TRUE,1188,1253,18,758,422,803,1188,803,0.90000000000,0.948,1.053,1,0.0152,0.6380,0.3552,0.0152,0.6380,0.3552,0.6759,0.6759,0.0,0.0,0.0,,#58ACFA,Unused,Unused,"Rutland County",23,15,13,2,0.019,0.652,0.565,0.087,616
"Killington Police","2 - Black",Killington," Black",2016-18,police,Killington,TRUE,26,1202,1,14,12,18,1141,767,0.02500000000,0.022,0.865,1,0.0385,0.5385,0.4615,0.0158,0.6450,0.3479,0.6923,0.6722,0.0,0.0,0.0,,#58FAAC,Unused,Unused,"Rutland County",2,2,2,1,0.077,1.000,1.000,0.500,0
"Killington Police","3 - Asian",Killington," Asian",2015-18,police,Killington,TRUE,25,1253,0,14,12,23,1188,803,0.05000000000,0.020,0.399,1,0.0000,0.5600,0.4800,0.0152,0.6380,0.3552,0.9200,0.6759,0.0,0.0,0.0,,#9F81F7,Unused,Unused,"Rutland County",0,0,0,0,0.000,0.000,0.000,0.000,28
"Killington Police","5 - Hispanic",Killington," Hispanic",2015-18,police,Killington,FALSE,14,1253,0,0,0,13,1188,803,0.02500000000,0.011,0.447,1,,,,0.0152,0.6380,0.3552,,0.6759,0.0,0.0,0.0,,#F7D358,Unused,Unused,"Rutland County",0,0,0,0,0.000,0.000,0.000,0.000,0
"Lamoille County Sheriff","1 - White","Lamoille County"," White",2018,sheriff,"Lamoille County",TRUE,1730,1782,7,497,1255,1036,1730,1036,0.97000000000,0.971,1.001,1,0.0040,0.2873,0.7254,0.0040,0.2873,0.7254,0.5988,0.5988,0.0,0.0,0.0,,#58ACFA,Unused,Unused,"Lamoille County",5,1,1,0,0.003,0.200,0.200,0.000,19995
"Lamoille County Sheriff","2 - Black","Lamoille County"," Black",2018,sheriff,"Lamoille County",TRUE,41,1782,1,16,27,22,1730,1036,0.01100000000,0.023,2.092,1,0.0244,0.3902,0.6585,0.0040,0.2873,0.7254,0.5366,0.5988,0.0,0.0,0.0,,#58FAAC,Unused,Unused,"Lamoille County",0,0,0,0,0.000,0.000,0.000,0.000,310
"Lamoille County Sheriff","3 - Asian","Lamoille County"," Asian",2018,sheriff,"Lamoille County",FALSE,5,1782,0,0,0,3,1730,1036,0.01300000000,0.003,0.216,1,,,,0.0040,0.2873,0.7254,,0.5988,0.0,0.0,0.0,,#9F81F7,Unused,Unused,"Lamoille County",0,0,0,0,0.000,0.000,0.000,0.000,215
"Lamoille County Sheriff","5 - Hispanic","Lamoille County"," Hispanic",2018,sheriff,"Lamoille County",FALSE,6,1782,0,0,0,4,1730,1036,0.00600000000,0.003,0.561,1,,,,0.0040,0.2873,0.7254,,0.5988,0.0,0.0,0.0,,#F7D358,Unused,Unused,"Lamoille County",0,0,0,0,0.000,0.000,0.000,0.000,0
"Ludlow Police","1 - White",Ludlow," White",2017,police,Ludlow,FALSE,5,5,0,0,0,3,5,3,0.95100000000,1.000,1.052,1,,,,0.2000,0.8000,0.0000,,0.6000,0.0,0.0,0.0,,#58ACFA,Unused,Unused,"Windsor County",0,0,0,0,0.000,0.000,0.000,0.000,707
"Lyndon Police","1 - White",Lyndon," White",2017-18,police,Lyndon,TRUE,442,456,11,65,375,228,442,228,0.98500000000,0.969,0.984,1,0.0249,0.1471,0.8484,0.0249,0.1471,0.8484,0.5158,0.5158,0.0,0.0,0.0,,#58ACFA,Unused,Unused,"Caledonia County",5,4,2,0,0.011,0.800,0.400,0.000,1159
"Lyndon Police","2 - Black",Lyndon," Black",2017-18,police,Lyndon,FALSE,10,456,0,0,0,9,442,228,0.00000000000,0.022,NULL,1,,,,0.0249,0.1471,0.8484,,0.5158,0.0,0.0,0.0,,#58FAAC,Unused,Unused,"Caledonia County",0,0,0,0,0.000,0.000,0.000,0.000,0
"Lyndon Police","3 - Asian",Lyndon," Asian",2018,police,Lyndon,FALSE,2,331,0,0,0,1,322,163,0.01500000000,0.006,0.403,1,,,,0.0217,0.1149,0.8758,,0.5062,0.0,0.0,0.0,,#9F81F7,Unused,Unused,"Caledonia County",0,0,0,0,0.000,0.000,0.000,0.000,21
"Lyndon Police","5 - Hispanic",Lyndon," Hispanic",2018,police,Lyndon,FALSE,2,331,0,0,0,1,322,163,0.00000000000,0.006,NULL,1,,,,0.0217,0.1149,0.8758,,0.5062,0.0,0.0,0.0,,#F7D358,Unused,Unused,"Caledonia County",0,0,0,0,0.000,0.000,0.000,0.000,0
"Manchester Police","1 - White",Manchester," White","2014-16,18",police,Manchester,TRUE,3444,3594,7,515,2617,2044,3444,2044,0.95000000000,0.958,1.009,1,0.0020,0.1495,0.7599,0.0020,0.1495,0.7599,0.5935,0.5935,0.0,0.0,0.0,,#58ACFA,Unused,Unused,"Bennington County",25,15,13,0,0.007,0.600,0.520,0.000,557
"Manchester Police","2 - Black",Manchester," Black","2014-16,18",police,Manchester,TRUE,78,3594,0,15,54,53,3444,2044,0.01600000000,0.022,1.356,1,0.0000,0.1923,0.6923,0.0020,0.1495,0.7599,0.6795,0.5935,0.0,0.0,0.0,,#58FAAC,Unused,Unused,"Bennington County",2,1,1,0,0.026,0.500,0.500,0.000,0
"Manchester Police","3 - Asian",Manchester," Asian","2014-16,18",police,Manchester,TRUE,44,3594,0,11,31,31,3444,2044,0.02600000000,0.012,0.471,1,0.0000,0.2500,0.7045,0.0020,0.1495,0.7599,0.7045,0.5935,0.0,0.0,0.0,,#9F81F7,Unused,Unused,"Bennington County",0,0,0,0,0.000,0.000,0.000,0.000,11
"Manchester Police","5 - Hispanic",Manchester," Hispanic","2014-16,18",police,Manchester,TRUE,28,3594,0,9,18,22,3444,2044,0.00800000000,0.008,0.974,1,0.0000,0.3214,0.6429,0.0020,0.1495,0.7599,0.7857,0.5935,0.0,0.0,0.0,,#F7D358,Unused,Unused,"Bennington County",1,1,1,0,0.036,1.000,1.000,0.000,0
"Middlebury Police","1 - White",Middlebury," White",2014-18,police,Middlebury,TRUE,3207,3379,47,663,2500,1926,3207,1926,0.97000000000,0.949,0.978,1,0.0147,0.2067,0.7795,0.0147,0.2067,0.7795,0.6006,0.6006,0.0,0.0,0.0,,#58ACFA,Unused,Unused,"Addison County",63,45,37,9,0.020,0.714,0.587,0.143,5505
"Middlebury Police","2 - Black",Middlebury," Black",2014-18,police,Middlebury,TRUE,87,3379,1,17,69,70,3207,1926,0.01300000000,0.026,1.981,1,0.0115,0.1954,0.7931,0.0147,0.2067,0.7795,0.8046,0.6006,0.0,0.0,0.0,,#58FAAC,Unused,Unused,"Addison County",0,0,0,0,0.000,0.000,0.000,0.000,238
"Middlebury Police","3 - Asian",Middlebury," Asian",2014-18,police,Middlebury,TRUE,62,3379,1,8,53,35,3207,1926,0.01200000000,0.018,1.529,1,0.0161,0.1290,0.8548,0.0147,0.2067,0.7795,0.5645,0.6006,0.0,0.0,0.0,,#9F81F7,Unused,Unused,"Addison County",0,0,0,0,0.000,0.000,0.000,0.000,463
"Middlebury Police","5 - Hispanic",Middlebury," Hispanic","2014-16,18",police,Middlebury,TRUE,22,2546,0,4,18,18,2415,1454,0.00500000000,0.009,1.728,1,0.0000,0.1818,0.8182,0.0170,0.2414,0.7429,0.8182,0.6021,0.0,0.0,0.0,,#F7D358,Unused,Unused,"Addison County",0,0,0,0,0.000,0.000,0.000,0.000,0
"Milton Police","1 - White",Milton," White",2014-19,police,Milton,TRUE,14660,15184,246,3187,11259,9082,14660,9082,0.97300000000,0.965,0.992,1,0.0168,0.2174,0.7680,0.0168,0.2174,0.7680,0.6195,0.6195,0.0,0.0,0.0,,#58ACFA,Unused,Unused,"Chittenden County",124,84,70,18,0.008,0.677,0.565,0.145,1662
"Milton Police","2 - Black",Milton," Black",2014-19,police,Milton,TRUE,315,15184,9,64,239,237,14660,9082,0.01600000000,0.021,1.297,1,0.0286,0.2032,0.7587,0.0168,0.2174,0.7680,0.7524,0.6195,0.0,0.0,0.0,,#58FAAC,Unused,Unused,"Chittenden County",7,3,3,1,0.022,0.429,0.429,0.143,0
"Milton Police","3 - Asian",Milton," Asian",2014-19,police,Milton,TRUE,145,15184,3,27,113,92,14660,9082,0.00800000000,0.010,1.194,1,0.0207,0.1862,0.7793,0.0168,0.2174,0.7680,0.6345,0.6195,0.0,0.0,0.0,,#9F81F7,Unused,Unused,"Chittenden County",0,0,0,0,0.000,0.000,0.000,0.000,0
"Milton Police","5 - Hispanic",Milton," Hispanic",2014-19,police,Milton,TRUE,57,15184,0,14,42,38,14660,9082,0.00300000000,0.004,1.251,1,0.0000,0.2456,0.7368,0.0168,0.2174,0.7680,0.6667,0.6195,0.0,0.0,0.0,,#F7D358,Unused,Unused,"Chittenden County",0,0,0,0,0.000,0.000,0.000,0.000,0
"Montpelier Police","1 - White",Montpelier," White",2014-18,police,Montpelier,TRUE,7067,7327,75,1217,5964,4067,7067,4067,0.96900000000,0.965,0.995,1,0.0106,0.1722,0.8439,0.0106,0.1722,0.8439,0.5755,0.5755,0.0,0.0,0.0,,#58ACFA,Unused,Unused,"Washington County",44,38,26,10,0.006,0.864,0.591,0.227,6079
"Montpelier Police","2 - Black",Montpelier," Black",2014-18,police,Montpelier,TRUE,124,7327,0,31,100,92,7067,4067,0.01400000000,0.017,1.209,1,0.0000,0.2500,0.8065,0.0106,0.1722,0.8439,0.7419,0.5755,0.0,0.0,0.0,,#58FAAC,Unused,Unused,"Washington County",2,2,1,0,0.016,1.000,0.500,0.000,182
"Montpelier Police","3 - Asian",Montpelier," Asian",2014-18,police,Montpelier,TRUE,92,7327,1,14,82,56,7067,4067,0.00900000000,0.013,1.395,1,0.0109,0.1522,0.8913,0.0106,0.1722,0.8439,0.6087,0.5755,0.0,0.0,0.0,,#9F81F7,Unused,Unused,"Washington County",1,0,0,0,0.011,0.000,0.000,0.000,92
"Montpelier Police","5 - Hispanic",Montpelier," Hispanic",2014-18,police,Montpelier,TRUE,42,7327,1,14,28,32,7067,4067,0.00900000000,0.006,0.637,1,0.0238,0.3333,0.6667,0.0106,0.1722,0.8439,0.7619,0.5755,0.0,0.0,0.0,,#F7D358,Unused,Unused,"Washington County",0,0,0,0,0.000,0.000,0.000,0.000,0
"Morristown Police","1 - White",Morristown," White",2017-18,police,Morristown,TRUE,1492,1541,23,462,1031,903,1492,903,0.96900000000,0.968,0.999,1,0.0154,0.3097,0.6910,0.0154,0.3097,0.6910,0.6052,0.6052,0.0,0.0,0.0,,#58ACFA,Unused,Unused,"Lamoille County",15,13,12,1,0.010,0.867,0.800,0.067,4272
"Morristown Police","2 - Black",Morristown," Black",2017-18,police,Morristown,TRUE,30,1541,1,9,22,21,1492,903,0.01600000000,0.019,1.217,1,0.0333,0.3000,0.7333,0.0154,0.3097,0.6910,0.7000,0.6052,0.0,0.0,0.0,,#58FAAC,Unused,Unused,"Lamoille County",0,0,0,0,0.000,0.000,0.000,0.000,129
"Morristown Police","3 - Asian",Morristown," Asian",2017,police,Morristown,FALSE,3,817,0,0,0,2,795,466,0.00700000000,0.004,0.525,1,,,,0.0101,0.3233,0.6943,,0.5862,0.0,0.0,0.0,,#9F81F7,Unused,Unused,"Lamoille County",0,0,0,0,0.000,0.000,0.000,0.000,52
"Morristown Police","5 - Hispanic",Morristown," Hispanic",2017-18,police,Morristown,FALSE,14,1541,0,0,0,10,1492,903,0.00800000000,0.009,1.136,1,,,,0.0154,0.3097,0.6910,,0.6052,0.0,0.0,0.0,,#F7D358,Unused,Unused,"Lamoille County",0,0,0,0,0.000,0.000,0.000,0.000,0
"Newport Police","1 - White",Newport," White",2015-18,police,Newport,TRUE,3042,3117,26,1099,1915,1748,3042,1748,0.97200000000,0.976,1.004,1,0.0085,0.3613,0.6295,0.0085,0.3613,0.6295,0.5746,0.5746,0.0,0.0,0.0,,#58ACFA,Unused,Unused,"Orleans County",34,25,20,5,0.011,0.735,0.588,0.147,3561
"Newport Police","2 - Black",Newport," Black",2016-18,police,Newport,TRUE,47,3061,2,17,29,35,2987,1721,0.01000000000,0.015,1.535,1,0.0426,0.3617,0.6170,0.0087,0.3495,0.6411,0.7447,0.5762,0.0,0.0,0.0,,#58FAAC,Unused,Unused,"Orleans County",3,2,2,2,0.064,0.667,0.667,0.667,50
"Newport Police","3 - Asian",Newport," Asian",2015-18,police,Newport,FALSE,12,3117,0,0,0,8,3042,1748,0.01200000000,0.004,0.321,1,,,,0.0085,0.3613,0.6295,,0.5746,0.0,0.0,0.0,,#9F81F7,Unused,Unused,"Orleans County",0,0,0,0,0.000,0.000,0.000,0.000,0
"Newport Police","5 - Hispanic",Newport," Hispanic",2016-18,police,Newport,FALSE,15,3061,0,0,0,8,2987,1721,0.00500000000,0.005,0.980,1,,,,0.0087,0.3495,0.6411,,0.5762,0.0,0.0,0.0,,#F7D358,Unused,Unused,"Orleans County",0,0,0,0,0.000,0.000,0.000,0.000,0
"Northfield Police","1 - White",Northfield," White",2015-18,police,Northfield,TRUE,1298,1367,13,143,1083,765,1298,765,0.96500000000,0.950,0.984,1,0.0100,0.1102,0.8344,0.0100,0.1102,0.8344,0.5894,0.5894,0.0,0.0,0.0,,#58ACFA,Unused,Unused,"Washington County",23,14,9,3,0.018,0.609,0.391,0.130,1691
"Northfield Police","2 - Black",Northfield," Black",2015-18,police,Northfield,TRUE,33,1367,0,4,29,26,1298,765,0.01300000000,0.024,1.857,1,0.0000,0.1212,0.8788,0.0100,0.1102,0.8344,0.7879,0.5894,0.0,0.0,0.0,,#58FAAC,Unused,Unused,"Washington County",0,0,0,0,0.000,0.000,0.000,0.000,28
"Northfield Police","3 - Asian",Northfield," Asian",2015-18,police,Northfield,FALSE,17,1367,0,0,0,11,1298,765,0.01300000000,0.012,0.957,1,,,,0.0100,0.1102,0.8344,,0.5894,0.0,0.0,0.0,,#9F81F7,Unused,Unused,"Washington County",0,0,0,0,0.000,0.000,0.000,0.000,12
"Northfield Police","5 - Hispanic",Northfield," Hispanic",2015-18,police,Northfield,FALSE,17,1367,0,0,0,10,1298,765,0.00900000000,0.012,1.382,1,,,,0.0100,0.1102,0.8344,,0.5894,0.0,0.0,0.0,,#F7D358,Unused,Unused,"Washington County",0,0,0,0,0.000,0.000,0.000,0.000,0
"Orange County Sheriff","1 - White","Orange County"," White",2017-18,sheriff,"Orange County",TRUE,843,857,19,673,149,482,843,482,0.88500000000,0.984,1.111,1,0.0225,0.7983,0.1767,0.0225,0.7983,0.1767,0.5718,0.5718,0.0,0.0,0.0,,#58ACFA,Unused,Unused,"Orange County",7,5,5,3,0.008,0.714,0.714,0.429,23698
"Orange County Sheriff","2 - Black","Orange County"," Black",2017-18,sheriff,"Orange County",FALSE,4,857,0,0,0,3,843,482,0.05100000000,0.005,0.092,1,,,,0.0225,0.7983,0.1767,,0.5718,0.0,0.0,0.0,,#58FAAC,Unused,Unused,"Orange County",0,0,0,0,0.000,0.000,0.000,0.000,212
"Orange County Sheriff","3 - Asian","Orange County"," Asian",2017-18,sheriff,"Orange County",FALSE,4,857,0,0,0,3,843,482,0.05100000000,0.005,0.092,1,,,,0.0225,0.7983,0.1767,,0.5718,0.0,0.0,0.0,,#9F81F7,Unused,Unused,"Orange County",0,0,0,0,0.000,0.000,0.000,0.000,199
"Orange County Sheriff","5 - Hispanic","Orange County"," Hispanic",2017-18,sheriff,"Orange County",FALSE,6,857,0,0,0,3,843,482,0.01300000000,0.007,0.539,1,,,,0.0225,0.7983,0.1767,,0.5718,0.0,0.0,0.0,,#F7D358,Unused,Unused,"Orange County",0,0,0,0,0.000,0.000,0.000,0.000,0
"Orleans County Sheriff","1 - White","Orleans County"," White",2017-18,sheriff,"Orleans County",TRUE,6016,6207,5,4081,2102,3623,6016,3623,0.98300000000,0.969,0.986,1,0.0008,0.6784,0.3494,0.0008,0.6784,0.3494,0.6022,0.6022,0.0,0.0,0.0,,#58ACFA,Unused,Unused,"Orleans County",52,34,27,0,0.009,0.654,0.519,0.000,21842
"Orleans County Sheriff","2 - Black","Orleans County"," Black",2017-18,sheriff,"Orleans County",TRUE,68,6207,0,44,25,56,6016,3623,0.01100000000,0.011,0.996,1,0.0000,0.6471,0.3676,0.0008,0.6784,0.3494,0.8235,0.6022,0.0,0.0,0.0,,#58FAAC,Unused,Unused,"Orleans County",1,1,1,0,0.015,1.000,1.000,0.000,260
"Orleans County Sheriff","3 - Asian","Orleans County"," Asian",2017-18,sheriff,"Orleans County",TRUE,65,6207,0,52,14,48,6016,3623,0.00600000000,0.010,1.745,1,0.0000,0.8000,0.2154,0.0008,0.6784,0.3494,0.7385,0.6022,0.0,0.0,0.0,,#9F81F7,Unused,Unused,"Orleans County",0,0,0,0,0.000,0.000,0.000,0.000,128
"Orleans County Sheriff","5 - Hispanic","Orleans County"," Hispanic",2017-18,sheriff,"Orleans County",TRUE,57,6207,0,43,15,41,6016,3623,0.00000000000,0.009,NULL,1,0.0000,0.7544,0.2632,0.0008,0.6784,0.3494,0.7193,0.6022,0.0,0.0,0.0,,#F7D358,Unused,Unused,"Orleans County",0,0,0,0,0.000,0.000,0.000,0.000,0
"Pawlet Constabulary","1 - White",Pawlet," White",2017-18,police,Pawlet,FALSE,9,9,0,0,0,5,9,5,NULL,1.000,NULL,1,,,,0.0000,1.0000,0.0000,,0.5556,0.0,0.0,0.0,,#58ACFA,Unused,Unused,"Rutland County",0,0,0,0,0.000,0.000,0.000,0.000,1051
"Pittsford Police","1 - White",Pittsford," White",2016-18,police,Pittsford,TRUE,664,734,1,520,146,439,664,439,0.93900000000,0.905,0.963,1,0.0015,0.7831,0.2199,0.0015,0.7831,0.2199,0.6611,0.6611,0.0,0.0,0.0,,#58ACFA,Unused,Unused,"Rutland County",3,0,0,0,0.005,0.000,0.000,0.000,537
"Pittsford Police","2 - Black",Pittsford," Black",2016-18,police,Pittsford,TRUE,52,734,0,49,3,45,664,439,0.02600000000,0.071,2.725,1,0.0000,0.9423,0.0577,0.0015,0.7831,0.2199,0.8654,0.6611,0.0,0.0,0.0,,#58FAAC,Unused,Unused,"Rutland County",0,0,0,0,0.000,0.000,0.000,0.000,6
"Pittsford Police","3 - Asian",Pittsford," Asian",2016-18,police,Pittsford,FALSE,11,734,0,0,0,7,664,439,0.01800000000,0.015,0.833,1,,,,0.0015,0.7831,0.2199,,0.6611,0.0,0.0,0.0,,#9F81F7,Unused,Unused,"Rutland County",0,0,0,0,0.000,0.000,0.000,0.000,41
"Pittsford Police","5 - Hispanic",Pittsford," Hispanic",2016-18,police,Pittsford,FALSE,7,734,0,0,0,5,664,439,0.01800000000,0.010,0.530,1,,,,0.0015,0.7831,0.2199,,0.6611,0.0,0.0,0.0,,#F7D358,Unused,Unused,"Rutland County",0,0,0,0,0.000,0.000,0.000,0.000,0
"Poultney Constabulary","1 - White",Poultney," White",2017-18,police,Poultney,TRUE,143,144,2,138,0,86,143,86,0.96600000000,0.993,1.028,1,0.0140,0.9650,0.0000,0.0140,0.9650,0.0000,0.6014,0.6014,0.0,0.0,0.0,,#58ACFA,Unused,Unused,"Rutland County",0,0,0,0,0.000,0.000,0.000,0.000,1241
"Poultney Constabulary","3 - Asian",Poultney," Asian",2017,police,Poultney,FALSE,1,115,0,0,0,0,114,70,0.00900000000,0.009,0.966,1,,,,0.0175,0.9561,0.0000,,0.6140,0.0,0.0,0.0,,#9F81F7,Unused,Unused,"Rutland County",0,0,0,0,0.000,0.000,0.000,0.000,13
"Randolph Police","1 - White",Randolph," White",2014-18,police,Randolph,TRUE,1091,1122,11,415,675,640,1091,640,0.93600000000,0.972,1.039,1,0.0101,0.3804,0.6187,0.0101,0.3804,0.6187,0.5866,0.5866,0.0,0.0,0.0,,#58ACFA,Unused,Unused,"Orange County",12,8,8,1,0.011,0.667,0.667,0.083,1900
"Randolph Police","2 - Black",Randolph," Black","2015,17-18",police,Randolph,FALSE,15,985,0,0,0,9,956,551,0.01300000000,0.015,1.171,1,,,,0.0063,0.3149,0.6893,,0.5764,0.0,0.0,0.0,,#58FAAC,Unused,Unused,"Orange County",0,0,0,0,0.000,0.000,0.000,0.000,0
"Randolph Police","3 - Asian",Randolph," Asian",2016-17,police,Randolph,FALSE,3,730,0,0,0,3,704,413,0.03800000000,0.004,0.108,1,,,,0.0057,0.3196,0.6847,,0.5866,0.0,0.0,0.0,,#9F81F7,Unused,Unused,"Orange County",0,0,0,0,0.000,0.000,0.000,0.000,32
"Randolph Police","5 - Hispanic",Randolph," Hispanic",2017-18,police,Randolph,FALSE,11,882,0,0,0,8,855,485,0.01300000000,0.012,0.959,1,,,,0.0035,0.2456,0.7626,,0.5673,0.0,0.0,0.0,,#F7D358,Unused,Unused,"Orange County",0,0,0,0,0.000,0.000,0.000,0.000,0
"Richmond Police","1 - White",Richmond," White",2015-18,police,Richmond,TRUE,5396,5591,51,2975,2476,3331,5396,3331,0.94700000000,0.965,1.019,1,0.0095,0.5513,0.4589,0.0095,0.5513,0.4589,0.6173,0.6173,0.0,0.0,0.0,,#58ACFA,Unused,Unused,"Chittenden County",56,40,37,10,0.010,0.714,0.661,0.179,379
"Richmond Police","2 - Black",Richmond," Black",2016-18,police,Richmond,TRUE,72,5435,1,40,34,55,5244,3237,0.01800000000,0.013,0.736,1,0.0139,0.5556,0.4722,0.0097,0.5383,0.4722,0.7639,0.6173,0.0,0.0,0.0,,#58FAAC,Unused,Unused,"Chittenden County",5,3,3,0,0.069,0.600,0.600,0.000,0
"Richmond Police","3 - Asian",Richmond," Asian",2015-18,police,Richmond,TRUE,65,5591,0,40,25,39,5396,3331,0.02800000000,0.012,0.415,1,0.0000,0.6154,0.3846,0.0095,0.5513,0.4589,0.6000,0.6173,0.0,0.0,0.0,,#9F81F7,Unused,Unused,"Chittenden County",0,0,0,0,0.000,0.000,0.000,0.000,0
"Richmond Police","5 - Hispanic",Richmond," Hispanic",2016-18,police,Richmond,TRUE,47,5435,1,31,16,34,5244,3237,0.00600000000,0.009,1.441,1,0.0213,0.6596,0.3404,0.0097,0.5383,0.4722,0.7234,0.6173,0.0,0.0,0.0,,#F7D358,Unused,Unused,"Chittenden County",0,0,0,0,0.000,0.000,0.000,0.000,0
"Royalton Police","1 - White",Royalton," White",2015-18,police,Royalton,TRUE,572,599,2,288,286,326,572,326,0.98000000000,0.955,0.974,1,0.0035,0.5035,0.5000,0.0035,0.5035,0.5000,0.5699,0.5699,0.0,0.0,0.0,,#58ACFA,Unused,Unused,"Windsor County",5,4,4,1,0.009,0.800,0.800,0.200,2228
"Royalton Police","2 - Black",Royalton," Black",2015-18,police,Royalton,FALSE,16,599,0,0,0,6,572,326,0.02000000000,0.027,1.336,1,,,,0.0035,0.5035,0.5000,,0.5699,0.0,0.0,0.0,,#58FAAC,Unused,Unused,"Windsor County",0,0,0,0,0.000,0.000,0.000,0.000,20
"Royalton Police","3 - Asian",Royalton," Asian",2015-18,police,Royalton,FALSE,6,599,0,0,0,1,572,326,NULL,0.010,NULL,1,,,,0.0035,0.5035,0.5000,,0.5699,0.0,0.0,0.0,,#9F81F7,Unused,Unused,"Windsor County",0,0,0,0,0.000,0.000,0.000,0.000,5
"Royalton Police","5 - Hispanic",Royalton," Hispanic",2015-17,police,Royalton,FALSE,5,545,0,0,0,3,520,292,NULL,0.009,NULL,1,,,,0.0038,0.5135,0.4923,,0.5615,0.0,0.0,0.0,,#F7D358,Unused,Unused,"Windsor County",0,0,0,0,0.000,0.000,0.000,0.000,0
"Rutland County Sheriff","1 - White","Rutland County"," White","2014-15,17,18",sheriff,"Rutland County",TRUE,12969,13352,38,8449,4767,7698,12969,7698,0.96200000000,0.971,1.010,1,0.0029,0.6515,0.3676,0.0029,0.6515,0.3676,0.5936,0.5936,0.0,0.0,0.0,,#58ACFA,Unused,Unused,"Rutland County",67,47,40,1,0.005,0.701,0.597,0.015,49388
"Rutland County Sheriff","2 - Black","Rutland County"," Black","2014-15,17,18",sheriff,"Rutland County",TRUE,150,13352,0,95,60,112,12969,7698,0.01400000000,0.011,0.802,1,0.0000,0.6333,0.4000,0.0029,0.6515,0.3676,0.7467,0.5936,0.0,0.0,0.0,,#58FAAC,Unused,Unused,"Rutland County",1,1,1,0,0.007,1.000,1.000,0.000,467
"Rutland County Sheriff","3 - Asian","Rutland County"," Asian","2014-15,17,18",sheriff,"Rutland County",TRUE,116,13352,1,88,28,83,12969,7698,0.01400000000,0.009,0.621,1,0.0086,0.7586,0.2414,0.0029,0.6515,0.3676,0.7155,0.5936,0.0,0.0,0.0,,#9F81F7,Unused,Unused,"Rutland County",0,0,0,0,0.000,0.000,0.000,0.000,601
"Rutland County Sheriff","5 - Hispanic","Rutland County"," Hispanic","2014-15,17,18",sheriff,"Rutland County",TRUE,114,13352,1,79,37,82,12969,7698,0.01000000000,0.009,0.854,1,0.0088,0.6930,0.3246,0.0029,0.6515,0.3676,0.7193,0.5936,0.0,0.0,0.0,,#F7D358,Unused,Unused,"Rutland County",0,0,0,0,0.000,0.000,0.000,0.000,0
"Rutland Police","1 - White",Rutland," White",2011-19,police,Rutland,TRUE,19711,20723,404,11086,8540,11563,19711,11563,0.97400000000,0.951,0.977,1,0.0205,0.5624,0.4333,0.0205,0.5624,0.4333,0.5866,0.5866,0.0,0.0,0.0,,#58ACFA,Unused,Unused,"Rutland County",226,175,166,46,0.011,0.774,0.735,0.204,12810
"Rutland Police","2 - Black",Rutland," Black",2011-19,police,Rutland,TRUE,623,20723,25,320,297,497,19711,11563,0.01100000000,0.030,2.733,1,0.0401,0.5136,0.4767,0.0205,0.5624,0.4333,0.7978,0.5866,0.0,0.0,0.0,,#58FAAC,Unused,Unused,"Rutland County",34,18,17,5,0.055,0.529,0.500,0.147,222
"Rutland Police","3 - Asian",Rutland," Asian",2011-19,police,Rutland,TRUE,177,20723,2,96,79,140,19711,11563,0.00900000000,0.009,0.949,1,0.0113,0.5424,0.4463,0.0205,0.5624,0.4333,0.7910,0.5866,0.0,0.0,0.0,,#9F81F7,Unused,Unused,"Rutland County",1,1,1,1,0.006,1.000,1.000,1.000,260
"Rutland Police","5 - Hispanic",Rutland," Hispanic",2011-19,police,Rutland,TRUE,197,20723,12,95,98,150,19711,11563,0.00500000000,0.010,1.901,1,0.0609,0.4822,0.4975,0.0205,0.5624,0.4333,0.7614,0.5866,0.0,0.0,0.0,,#F7D358,Unused,Unused,"Rutland County",3,2,2,0,0.015,0.667,0.667,0.000,0
"Rutland Town Police","1 - White","Rutland Town"," White",2015-18,police,"Rutland Town",TRUE,1179,1222,0,673,510,619,1179,619,0.94600000000,0.965,1.020,1,0.0000,0.5708,0.4326,0.0000,0.5708,0.4326,0.5250,0.5250,0.0,0.0,0.0,,#58ACFA,Unused,Unused,"Rutland County",2,0,0,0,0.002,0.000,0.000,0.000,3419
"Rutland Town Police","2 - Black","Rutland Town"," Black",2015-18,police,"Rutland Town",TRUE,22,1222,0,16,6,18,1179,619,0.01100000000,0.018,1.637,1,0.0000,0.7273,0.2727,0.0000,0.5708,0.4326,0.8182,0.5250,0.0,0.0,0.0,,#58FAAC,Unused,Unused,"Rutland County",1,1,1,0,0.045,1.000,1.000,0.000,41
"Rutland Town Police","3 - Asian","Rutland Town"," Asian",2015-18,police,"Rutland Town",FALSE,9,1222,0,0,0,6,1179,619,0.03800000000,0.007,0.194,1,,,,0.0000,0.5708,0.4326,,0.5250,0.0,0.0,0.0,,#9F81F7,Unused,Unused,"Rutland County",0,0,0,0,0.000,0.000,0.000,0.000,0
"Rutland Town Police","5 - Hispanic","Rutland Town"," Hispanic","2015,17-18",police,"Rutland Town",FALSE,12,969,0,0,0,10,932,457,0.00500000000,0.012,2.477,1,,,,0.0000,0.5676,0.4367,,0.4903,0.0,0.0,0.0,,#F7D358,Unused,Unused,"Rutland County",0,0,0,0,0.000,0.000,0.000,0.000,0
"S. Burlington Police","1 - White","S. Burlington"," White",2013-19,police,"S. Burlington",TRUE,19808,21900,260,6948,12630,5593,19808,5593,0.92100000000,0.904,0.982,1,0.0131,0.3508,0.6376,0.0131,0.3508,0.6376,0.2824,0.2824,0.0,0.0,0.0,,#58ACFA,Unused,Unused,"Chittenden County",162,131,80,30,0.008,0.809,0.494,0.185,14642
"S. Burlington Police","2 - Black","S. Burlington"," Black",2013-19,police,"S. Burlington",TRUE,1178,21900,21,348,809,555,19808,5593,0.03400000000,0.054,1.582,1,0.0178,0.2954,0.6868,0.0131,0.3508,0.6376,0.4711,0.2824,0.0,0.0,0.0,,#58FAAC,Unused,Unused,"Chittenden County",41,27,13,5,0.035,0.659,0.317,0.122,458
"S. Burlington Police","3 - Asian","S. Burlington"," Asian",2013-19,police,"S. Burlington",TRUE,716,21900,3,245,470,247,19808,5593,0.03700000000,0.033,0.884,1,0.0042,0.3422,0.6564,0.0131,0.3508,0.6376,0.3450,0.2824,0.0,0.0,0.0,,#9F81F7,Unused,Unused,"Chittenden County",6,3,1,1,0.008,0.500,0.167,0.167,671
"S. Burlington Police","5 - Hispanic","S. Burlington"," Hispanic",2013-19,police,"S. Burlington",TRUE,185,21900,2,72,111,66,19808,5593,0.00800000000,0.008,1.056,1,0.0108,0.3892,0.6000,0.0131,0.3508,0.6376,0.3568,0.2824,0.0,0.0,0.0,,#F7D358,Unused,Unused,"Chittenden County",3,1,0,0,0.016,0.333,0.000,0.000,0
"Shelburne Police","1 - White",Shelburne," White",2015-18,police,Shelburne,TRUE,2949,3234,18,2485,442,1991,2949,1991,0.94100000000,0.912,0.969,1,0.0061,0.8427,0.1499,0.0061,0.8427,0.1499,0.6751,0.6751,0.0,0.0,0.0,,#58ACFA,Unused,Unused,"Chittenden County",35,26,26,1,0.012,0.743,0.743,0.029,501
"Shelburne Police","2 - Black",Shelburne," Black",2015-18,police,Shelburne,TRUE,164,3234,1,146,15,123,2949,1991,0.02800000000,0.051,1.811,1,0.0061,0.8902,0.0915,0.0061,0.8427,0.1499,0.7500,0.6751,0.0,0.0,0.0,,#58FAAC,Unused,Unused,"Chittenden County",9,6,6,1,0.055,0.667,0.667,0.111,0
"Shelburne Police","3 - Asian",Shelburne," Asian",2015-18,police,Shelburne,TRUE,74,3234,0,58,15,57,2949,1991,0.02000000000,0.023,1.144,1,0.0000,0.7838,0.2027,0.0061,0.8427,0.1499,0.7703,0.6751,0.0,0.0,0.0,,#9F81F7,Unused,Unused,"Chittenden County",0,0,0,0,0.000,0.000,0.000,0.000,0
"Shelburne Police","5 - Hispanic",Shelburne," Hispanic",2015-18,police,Shelburne,TRUE,47,3234,0,42,5,35,2949,1991,0.01100000000,0.015,1.321,1,0.0000,0.8936,0.1064,0.0061,0.8427,0.1499,0.7447,0.6751,0.0,0.0,0.0,,#F7D358,Unused,Unused,"Chittenden County",0,0,0,0,0.000,0.000,0.000,0.000,0
"Springfield Police","1 - White",Springfield," White",2014-19,police,Springfield,TRUE,13540,13942,86,1800,11689,7560,13540,7560,0.97300000000,0.971,0.998,1,0.0064,0.1329,0.8633,0.0064,0.1329,0.8633,0.5583,0.5583,0.0,0.0,0.0,,#58ACFA,Unused,Unused,"Windsor County",197,128,76,26,0.015,0.650,0.386,0.132,2911
"Springfield Police","2 - Black",Springfield," Black",2014-19,police,Springfield,TRUE,207,13942,0,35,172,144,13540,7560,0.00900000000,0.015,1.650,1,0.0000,0.1691,0.8309,0.0064,0.1329,0.8633,0.6957,0.5583,0.0,0.0,0.0,,#58FAAC,Unused,Unused,"Windsor County",5,5,3,0,0.024,1.000,0.600,0.000,48
"Springfield Police","3 - Asian",Springfield," Asian",2014-19,police,Springfield,TRUE,86,13942,0,16,70,64,13540,7560,0.00900000000,0.006,0.685,1,0.0000,0.1860,0.8140,0.0064,0.1329,0.8633,0.7442,0.5583,0.0,0.0,0.0,,#9F81F7,Unused,Unused,"Windsor County",0,0,0,0,0.000,0.000,0.000,0.000,20
"Springfield Police","5 - Hispanic",Springfield," Hispanic",2014;2015;2016;2017;2019,police,Springfield,TRUE,105,11716,1,18,88,70,11365,6318,0.00900000000,0.009,0.996,1,0.0095,0.1714,0.8381,0.0048,0.1246,0.8769,0.6667,0.5559,0.0,0.0,0.0,,#F7D358,Unused,Unused,"Windsor County",5,0,0,0,0.048,0.000,0.000,0.000,0
"St. Albans Police","1 - White","St. Albans"," White",2014-18,police,"St. Albans",TRUE,8347,8591,240,2510,5544,4828,8347,4828,0.96100000000,0.972,1.011,1,0.0288,0.3007,0.6642,0.0288,0.3007,0.6642,0.5784,0.5784,0.0,0.0,0.0,,#58ACFA,Unused,Unused,"Franklin County",155,101,81,26,0.019,0.652,0.523,0.168,4975
"St. Albans Police","2 - Black","St. Albans"," Black",2014-18,police,"St. Albans",TRUE,173,8591,6,53,116,135,8347,4828,0.01000000000,0.020,2.014,1,0.0347,0.3064,0.6705,0.0288,0.3007,0.6642,0.7803,0.5784,0.0,0.0,0.0,,#58FAAC,Unused,Unused,"Franklin County",6,4,4,1,0.035,0.667,0.667,0.167,224
"St. Albans Police","3 - Asian","St. Albans"," Asian",2014-18,police,"St. Albans",TRUE,52,8591,2,13,35,37,8347,4828,0.02100000000,0.006,0.288,1,0.0385,0.2500,0.6731,0.0288,0.3007,0.6642,0.7115,0.5784,0.0,0.0,0.0,,#9F81F7,Unused,Unused,"Franklin County",1,0,0,0,0.019,0.000,0.000,0.000,94
"St. Albans Police","5 - Hispanic","St. Albans"," Hispanic",2014-16,police,"St. Albans",FALSE,10,4523,0,0,0,6,4411,2494,0.00700000000,0.002,0.316,1,,,,0.0254,0.3190,0.6502,,0.5654,0.0,0.0,0.0,,#F7D358,Unused,Unused,"Franklin County",0,0,0,0,0.000,0.000,0.000,0.000,0
"St. Johnsbury Police","1 - White","St. Johnsbury"," White",2015-18,police,"St. Johnsbury",TRUE,5620,5783,48,1491,4251,3148,5620,3148,0.98000000000,0.972,0.992,1,0.0085,0.2653,0.7564,0.0085,0.2653,0.7564,0.5601,0.5601,0.0,0.0,0.0,,#58ACFA,Unused,Unused,"Caledonia County",53,38,30,9,0.009,0.717,0.566,0.170,4762
"St. Johnsbury Police","2 - Black","St. Johnsbury"," Black",2015-18,police,"St. Johnsbury",TRUE,91,5783,2,33,59,51,5620,3148,0.00800000000,0.016,1.967,1,0.0220,0.3626,0.6484,0.0085,0.2653,0.7564,0.5604,0.5601,0.0,0.0,0.0,,#58FAAC,Unused,Unused,"Caledonia County",2,0,0,0,0.022,0.000,0.000,0.000,22
"St. Johnsbury Police","3 - Asian","St. Johnsbury"," Asian",2015-18,police,"St. Johnsbury",TRUE,40,5783,0,9,32,21,5620,3148,0.01200000000,0.007,0.576,1,0.0000,0.2250,0.8000,0.0085,0.2653,0.7564,0.5250,0.5601,0.0,0.0,0.0,,#9F81F7,Unused,Unused,"Caledonia County",1,0,0,0,0.025,0.000,0.000,0.000,80
"St. Johnsbury Police","5 - Hispanic","St. Johnsbury"," Hispanic",2015-18,police,"St. Johnsbury",TRUE,30,5783,0,12,14,19,5620,3148,0.00000000000,0.005,NULL,1,0.0000,0.4000,0.4667,0.0085,0.2653,0.7564,0.6333,0.5601,0.0,0.0,0.0,,#F7D358,Unused,Unused,"Caledonia County",0,0,0,0,0.000,0.000,0.000,0.000,0
"Stowe Police","1 - White",Stowe," White",2017-18,police,Stowe,TRUE,2386,2503,41,602,1758,1502,2386,1502,0.95300000000,0.953,1.000,1,0.0172,0.2523,0.7368,0.0172,0.2523,0.7368,0.6295,0.6295,0.0,0.0,0.0,,#58ACFA,Unused,Unused,"Lamoille County",37,31,29,3,0.016,0.838,0.784,0.081,367
"Stowe Police","2 - Black",Stowe," Black",2017-18,police,Stowe,TRUE,60,2503,2,16,42,45,2386,1502,0.02500000000,0.024,0.959,1,0.0333,0.2667,0.7000,0.0172,0.2523,0.7368,0.7500,0.6295,0.0,0.0,0.0,,#58FAAC,Unused,Unused,"Lamoille County",1,1,1,0,0.017,1.000,1.000,0.000,0
"Stowe Police","3 - Asian",Stowe," Asian",2017-18,police,Stowe,TRUE,38,2503,0,9,30,21,2386,1502,0.01500000000,0.015,1.012,1,0.0000,0.2368,0.7895,0.0172,0.2523,0.7368,0.5526,0.6295,0.0,0.0,0.0,,#9F81F7,Unused,Unused,"Lamoille County",2,1,0,0,0.053,0.500,0.000,0.000,0
"Stowe Police","5 - Hispanic",Stowe," Hispanic",2017-18,police,Stowe,FALSE,17,2503,0,0,0,14,2386,1502,0.00800000000,0.007,0.849,1,,,,0.0172,0.2523,0.7368,,0.6295,0.0,0.0,0.0,,#F7D358,Unused,Unused,"Lamoille County",0,0,0,0,0.000,0.000,0.000,0.000,0
"Swanton Police","1 - White",Swanton," White",2016-18,police,Swanton,TRUE,1182,1202,7,485,710,756,1182,756,0.98500000000,0.983,0.998,1,0.0059,0.4103,0.6007,0.0059,0.4103,0.6007,0.6396,0.6396,0.0,0.0,0.0,,#58ACFA,Unused,Unused,"Franklin County",0,0,0,0,0.000,0.000,0.000,0.000,2115
"Swanton Police","2 - Black",Swanton," Black",2017-18,police,Swanton,FALSE,5,1077,0,0,0,1,1057,669,0.00800000000,0.005,0.580,1,,,,0.0057,0.4049,0.6083,,0.6329,0.0,0.0,0.0,,#58FAAC,Unused,Unused,"Franklin County",0,0,0,0,0.000,0.000,0.000,0.000,0
"Swanton Police","3 - Asian",Swanton," Asian",2017-18,police,Swanton,FALSE,5,1077,0,0,0,2,1057,669,0.00800000000,0.005,0.580,1,,,,0.0057,0.4049,0.6083,,0.6329,0.0,0.0,0.0,,#9F81F7,Unused,Unused,"Franklin County",0,0,0,0,0.000,0.000,0.000,0.000,0
"Swanton Police","5 - Hispanic",Swanton," Hispanic",2017-18,police,Swanton,FALSE,9,1077,0,0,0,4,1057,669,0.00000000000,0.008,NULL,1,,,,0.0057,0.4049,0.6083,,0.6329,0.0,0.0,0.0,,#F7D358,Unused,Unused,"Franklin County",0,0,0,0,0.000,0.000,0.000,0.000,0
"Thetford Police","1 - White",Thetford," White",2017-18,police,Thetford,TRUE,622,640,2,196,424,360,622,360,0.96700000000,0.972,1.005,1,0.0032,0.3151,0.6817,0.0032,0.3151,0.6817,0.5788,0.5788,0.0,0.0,0.0,,#58ACFA,Unused,Unused,"Orange County",4,4,3,0,0.006,1.000,0.750,0.000,2092
"Thetford Police","2 - Black",Thetford," Black",2017-18,police,Thetford,FALSE,5,640,0,0,0,4,622,360,0.01700000000,0.008,0.460,1,,,,0.0032,0.3151,0.6817,,0.5788,0.0,0.0,0.0,,#58FAAC,Unused,Unused,"Orange County",0,0,0,0,0.000,0.000,0.000,0.000,23
"Thetford Police","3 - Asian",Thetford," Asian",2017-18,police,Thetford,FALSE,9,640,0,0,0,7,622,360,0.01700000000,0.014,0.827,1,,,,0.0032,0.3151,0.6817,,0.5788,0.0,0.0,0.0,,#9F81F7,Unused,Unused,"Orange County",0,0,0,0,0.000,0.000,0.000,0.000,0
"Thetford Police","5 - Hispanic",Thetford," Hispanic",2017-18,police,Thetford,FALSE,3,640,0,0,0,3,622,360,NULL,0.005,NULL,1,,,,0.0032,0.3151,0.6817,,0.5788,0.0,0.0,0.0,,#F7D358,Unused,Unused,"Orange County",0,0,0,0,0.000,0.000,0.000,0.000,0
"UVM Police","1 - White",Burlington," White","2011-15,17-19",police,UVM,TRUE,12146,13603,236,1912,9895,4469,12146,4469,0.87300000000,0.893,1.023,1,0.0194,0.1574,0.8147,0.0194,0.1574,0.8147,0.3679,0.3679,0.0,0.0,0.0,,#58ACFA,Unused,Unused,"Chittenden County",228,137,95,28,0.019,0.601,0.417,0.123,NULL
"UVM Police","2 - Black",Burlington," Black","2011-15,17-19",police,UVM,TRUE,867,13603,19,147,699,435,12146,4469,0.06400000000,0.064,0.996,1,0.0219,0.1696,0.8062,0.0194,0.1574,0.8147,0.5017,0.3679,0.0,0.0,0.0,,#58FAAC,Unused,Unused,"Chittenden County",34,22,17,4,0.039,0.647,0.500,0.118,NULL
"UVM Police","3 - Asian",Burlington," Asian","2011-15,17-19",police,UVM,TRUE,480,13603,4,60,412,210,12146,4469,0.05400000000,0.035,0.653,1,0.0083,0.1250,0.8583,0.0194,0.1574,0.8147,0.4375,0.3679,0.0,0.0,0.0,,#9F81F7,Unused,Unused,"Chittenden County",5,2,2,0,0.010,0.400,0.400,0.000,NULL
"UVM Police","5 - Hispanic",Burlington," Hispanic","2011-15,17-19",police,UVM,TRUE,91,13603,1,22,67,28,12146,4469,0.00900000000,0.007,0.743,1,0.0110,0.2418,0.7363,0.0194,0.1574,0.8147,0.3077,0.3679,0.0,0.0,0.0,,#F7D358,Unused,Unused,"Chittenden County",2,1,1,0,0.022,0.500,0.500,0.000,NULL
"Vergennes Police","1 - White",Vergennes," White",2015-19,police,Vergennes,TRUE,9673,10522,93,4871,4548,6001,9673,6001,0.96500000000,0.919,0.953,1,0.0096,0.5036,0.4702,0.0096,0.5036,0.4702,0.6204,0.6204,0.0,0.0,0.0,,#58ACFA,Unused,Unused,"Addison County",130,103,101,11,0.013,0.792,0.777,0.085,2223
"Vergennes Police","2 - Black",Vergennes," Black",2015-19,police,Vergennes,TRUE,410,10522,8,223,173,325,9673,6001,0.01200000000,0.039,3.247,1,0.0195,0.5439,0.4220,0.0096,0.5036,0.4702,0.7927,0.6204,0.0,0.0,0.0,,#58FAAC,Unused,Unused,"Addison County",21,14,14,1,0.051,0.667,0.667,0.048,16
"Vergennes Police","3 - Asian",Vergennes," Asian",2015-19,police,Vergennes,TRUE,241,10522,0,159,79,171,9673,6001,0.02300000000,0.023,0.996,1,0.0000,0.6598,0.3278,0.0096,0.5036,0.4702,0.7095,0.6204,0.0,0.0,0.0,,#9F81F7,Unused,Unused,"Addison County",1,1,1,0,0.004,1.000,1.000,0.000,0
"Vergennes Police","5 - Hispanic",Vergennes," Hispanic",2015-19,police,Vergennes,TRUE,189,10522,2,128,59,148,9673,6001,0.00000000000,0.018,NULL,1,0.0106,0.6772,0.3122,0.0096,0.5036,0.4702,0.7831,0.6204,0.0,0.0,0.0,,#F7D358,Unused,Unused,"Addison County",4,2,2,0,0.021,0.500,0.500,0.000,0
"VSP - All ","1 - White","All Vermont"," White",2010-19,"state police","VSP - All",TRUE,460892,486358,5652,173774,283968,288482,460892,288482,0.93800000000,0.948,1.010,1,0.0123,0.3770,0.6161,0.0123,0.3770,0.6161,0.6259,0.6259,0.0,0.0,0.0,,#58ACFA,Unused,Unused,NULL,3796,3085,2534,973,0.008,0.813,0.668,0.256,NULL
"VSP - All ","2 - Black","All Vermont"," Black",2010-19,"state police","VSP - All",TRUE,11113,486358,239,4780,6122,8231,460892,288482,0.02700000000,0.023,0.846,1,0.0215,0.4301,0.5509,0.0123,0.3770,0.6161,0.7407,0.6259,0.0,0.0,0.0,,#58FAAC,Unused,Unused,NULL,361,260,191,71,0.032,0.720,0.529,0.197,NULL
"VSP - All ","3 - Asian","All Vermont"," Asian",2010-19,"state police","VSP - All",TRUE,8212,486358,64,4097,4041,5713,460892,288482,0.02600000000,0.017,0.649,1,0.0078,0.4989,0.4921,0.0123,0.3770,0.6161,0.6957,0.6259,0.0,0.0,0.0,,#9F81F7,Unused,Unused,NULL,42,32,28,12,0.005,0.762,0.667,0.286,NULL
"VSP - All ","5 - Hispanic","All Vermont"," Hispanic",2010-19,"state police","VSP - All",TRUE,5683,486358,101,2596,2982,4262,460892,288482,0.00800000000,0.012,1.461,1,0.0178,0.4568,0.5247,0.0123,0.3770,0.6161,0.7500,0.6259,0.0,0.0,0.0,,#F7D358,Unused,Unused,NULL,156,105,71,24,0.027,0.673,0.455,0.154,NULL
"VT DMV","1 - White","All Vermont"," White",2017-18,police,"VT DMV",TRUE,26924,30448,112,15808,9624,21756,26924,21756,0.93800000000,0.884,0.943,1,0.0042,0.5871,0.3575,0.0042,0.5871,0.3575,0.8081,0.8081,0.0,0.0,0.0,,#58ACFA,Unused,Unused,NULL,96,68,60,4,0.004,0.708,0.625,0.042,NULL
"VT DMV","2 - Black","All Vermont"," Black",2017-18,police,"VT DMV",TRUE,1708,30448,4,976,672,1580,26924,21756,0.02700000000,0.056,2.078,1,0.0023,0.5714,0.3934,0.0042,0.5871,0.3575,0.9251,0.8081,0.0,0.0,0.0,,#58FAAC,Unused,Unused,NULL,28,24,24,0,0.016,0.857,0.857,0.000,NULL
"VT DMV","3 - Asian","All Vermont"," Asian",2017-18,police,"VT DMV",TRUE,576,30448,4,320,200,516,26924,21756,0.02600000000,0.019,0.728,1,0.0069,0.5556,0.3472,0.0042,0.5871,0.3575,0.8958,0.8081,0.0,0.0,0.0,,#9F81F7,Unused,Unused,NULL,4,4,4,0,0.007,1.000,1.000,0.000,NULL
"VT DMV","5 - Hispanic","All Vermont"," Hispanic",2017-18,police,"VT DMV",TRUE,1208,30448,8,772,364,1144,26924,21756,0.00800000000,0.040,4.959,1,0.0066,0.6391,0.3013,0.0042,0.5871,0.3575,0.9470,0.8081,0.0,0.0,0.0,,#F7D358,Unused,Unused,NULL,24,20,20,0,0.020,0.833,0.833,0.000,NULL
"VT Fish and Wildlife","1 - White","All Vermont"," White",2015-18,police,"VT Fish and Wildlife",TRUE,976,1032,28,500,396,744,976,744,0.93800000000,0.946,1.008,1,0.0287,0.5123,0.4057,0.0287,0.5123,0.4057,0.7623,0.7623,0.0,0.0,0.0,,#58ACFA,Unused,Unused,NULL,12,12,0,0,0.012,1.000,0.000,0.000,NULL
"VT Fish and Wildlife","2 - Black","All Vermont"," Black",2015-18,police,"VT Fish and Wildlife",FALSE,20,1032,0,0,0,16,976,744,0.02700000000,0.019,0.718,1,,,,0.0287,0.5123,0.4057,,0.7623,0.0,0.0,0.0,,#58FAAC,Unused,Unused,NULL,0,0,0,0,0.000,0.000,0.000,0.000,NULL
"VT Fish and Wildlife","3 - Asian","All Vermont"," Asian",2016;2018,police,"VT Fish and Wildlife",FALSE,20,652,0,0,0,8,612,488,0.02600000000,0.031,1.180,1,,,,0.0327,0.5556,0.3922,,0.7974,0.0,0.0,0.0,,#9F81F7,Unused,Unused,NULL,0,0,0,0,0.000,0.000,0.000,0.000,NULL
"VT Fish and Wildlife","5 - Hispanic","All Vermont"," Hispanic",2017-18,police,"VT Fish and Wildlife",FALSE,16,664,0,0,0,8,620,460,0.00800000000,0.024,3.012,1,,,,0.0323,0.4968,0.4581,,0.7419,0.0,0.0,0.0,,#F7D358,Unused,Unused,NULL,0,0,0,0,0.000,0.000,0.000,0.000,NULL
"Washington County Sheriff","1 - White","Washington County"," White",2017-18,sheriff,"Washington County",TRUE,3793,3899,65,1273,2414,2303,3793,2303,0.96300000000,0.973,1.010,1,0.0171,0.3356,0.6364,0.0171,0.3356,0.6364,0.6072,0.6072,0.0,0.0,0.0,,#58ACFA,Unused,Unused,"Washington County",38,27,27,6,0.010,0.711,0.711,0.158,47560
"Washington County Sheriff","2 - Black","Washington County"," Black",2017-18,sheriff,"Washington County",TRUE,62,3899,0,26,36,41,3793,2303,0.01400000000,0.016,1.136,1,0.0000,0.4194,0.5806,0.0171,0.3356,0.6364,0.6613,0.6072,0.0,0.0,0.0,,#58FAAC,Unused,Unused,"Washington County",5,4,4,0,0.081,0.800,0.800,0.000,717
"Washington County Sheriff","3 - Asian","Washington County"," Asian",2017-18,sheriff,"Washington County",TRUE,33,3899,0,20,13,15,3793,2303,0.01900000000,0.008,0.445,1,0.0000,0.6061,0.3939,0.0171,0.3356,0.6364,0.4545,0.6072,0.0,0.0,0.0,,#9F81F7,Unused,Unused,"Washington County",0,0,0,0,0.000,0.000,0.000,0.000,715
"Washington County Sheriff","5 - Hispanic","Washington County"," Hispanic",2018,sheriff,"Washington County",FALSE,10,1948,0,0,0,5,1897,1170,0.01900000000,0.005,0.270,1,,,,0.0206,0.3379,0.6363,,0.6168,0.0,0.0,0.0,,#F7D358,Unused,Unused,"Washington County",0,0,0,0,0.000,0.000,0.000,0.000,0
"Waterbury Police","1 - White",Waterbury," White",2017,police,Waterbury,TRUE,34,36,0,31,3,21,34,21,0.95700000000,0.944,0.987,1,0.0000,0.9118,0.0882,0.0000,0.9118,0.0882,0.6176,0.6176,0.0,0.0,0.0,,#58ACFA,Unused,Unused,"Washington County",0,0,0,0,0.000,0.000,0.000,0.000,1469
"Waterbury Police","2 - Black",Waterbury," Black",2017,police,Waterbury,FALSE,1,36,0,0,0,0,34,21,0.00000000000,0.028,NULL,1,,,,0.0000,0.9118,0.0882,,0.6176,0.0,0.0,0.0,,#58FAAC,Unused,Unused,"Washington County",0,0,0,0,0.000,0.000,0.000,0.000,0
"Waterbury Police","5 - Hispanic",Waterbury," Hispanic",2017,police,Waterbury,FALSE,1,36,0,0,0,1,34,21,0.00000000000,0.028,NULL,1,,,,0.0000,0.9118,0.0882,,0.6176,0.0,0.0,0.0,,#F7D358,Unused,Unused,"Washington County",0,0,0,0,0.000,0.000,0.000,0.000,0
"Weathersfield Police","1 - White",Weathersfield," White",2015-18,police,Weathersfield,TRUE,2745,2826,3,1178,1589,1742,2745,1742,0.96900000000,0.971,1.002,1,0.0011,0.4291,0.5789,0.0011,0.4291,0.5789,0.6346,0.6346,0.0,0.0,0.0,,#58ACFA,Unused,Unused,"Windsor County",17,10,9,1,0.006,0.588,0.529,0.059,2321
"Weathersfield Police","2 - Black",Weathersfield," Black",2015-18,police,Weathersfield,TRUE,34,2826,0,22,12,18,2745,1742,0.01800000000,0.012,0.668,1,0.0000,0.6471,0.3529,0.0011,0.4291,0.5789,0.5294,0.6346,0.0,0.0,0.0,,#58FAAC,Unused,Unused,"Windsor County",1,0,0,0,0.029,0.000,0.000,0.000,37
"Weathersfield Police","3 - Asian",Weathersfield," Asian",2015-18,police,Weathersfield,TRUE,24,2826,0,17,7,16,2745,1742,0.00400000000,0.008,2.123,1,0.0000,0.7083,0.2917,0.0011,0.4291,0.5789,0.6667,0.6346,0.0,0.0,0.0,,#9F81F7,Unused,Unused,"Windsor County",0,0,0,0,0.000,0.000,0.000,0.000,0
"Weathersfield Police","5 - Hispanic",Weathersfield," Hispanic",2015-18,police,Weathersfield,TRUE,22,2826,0,11,12,19,2745,1742,0.00900000000,0.008,0.865,1,0.0000,0.5000,0.5455,0.0011,0.4291,0.5789,0.8636,0.6346,0.0,0.0,0.0,,#F7D358,Unused,Unused,"Windsor County",1,0,0,0,0.045,0.000,0.000,0.000,0
"Williston Police","1 - White",Williston," White",2012-19,police,Williston,TRUE,21493,23142,675,5503,15171,13610,21493,13610,0.94700000000,0.929,0.981,1,0.0314,0.2560,0.7059,0.0314,0.2560,0.7059,0.6332,0.6332,0.0,0.0,0.0,,#58ACFA,Unused,Unused,"Chittenden County",344,286,200,72,0.016,0.831,0.581,0.209,7280
"Williston Police","2 - Black",Williston," Black",2012-19,police,Williston,TRUE,880,23142,56,265,552,656,21493,13610,0.02400000000,0.038,1.584,1,0.0636,0.3011,0.6273,0.0314,0.2560,0.7059,0.7455,0.6332,0.0,0.0,0.0,,#58FAAC,Unused,Unused,"Chittenden County",28,17,13,0,0.032,0.607,0.464,0.000,99
"Williston Police","3 - Asian",Williston," Asian",2012-19,police,Williston,TRUE,498,23142,12,137,351,351,21493,13610,0.02200000000,0.022,0.978,1,0.0241,0.2751,0.7048,0.0314,0.2560,0.7059,0.7048,0.6332,0.0,0.0,0.0,,#9F81F7,Unused,Unused,"Chittenden County",0,0,0,0,0.000,0.000,0.000,0.000,369
"Williston Police","5 - Hispanic",Williston," Hispanic",2012-19,police,Williston,TRUE,255,23142,13,96,146,197,21493,13610,0.00700000000,0.011,1.574,1,0.0510,0.3765,0.5725,0.0314,0.2560,0.7059,0.7725,0.6332,0.0,0.0,0.0,,#F7D358,Unused,Unused,"Chittenden County",4,3,2,0,0.016,0.750,0.500,0.000,0
"Wilmington Police","1 - White",Wilmington," White",2015-18,police,Wilmington,TRUE,2934,3126,5,1861,1079,2005,2934,2005,0.93200000000,0.939,1.007,1,0.0017,0.6343,0.3678,0.0017,0.6343,0.3678,0.6834,0.6834,0.0,0.0,0.0,,#58ACFA,Unused,Unused,"Windham County",27,21,18,2,0.009,0.778,0.667,0.074,304
"Wilmington Police","2 - Black",Wilmington," Black",2015-18,police,Wilmington,TRUE,60,3126,0,39,19,45,2934,2005,0.02000000000,0.019,0.960,1,0.0000,0.6500,0.3167,0.0017,0.6343,0.3678,0.7500,0.6834,0.0,0.0,0.0,,#58FAAC,Unused,Unused,"Windham County",1,0,0,0,0.017,0.000,0.000,0.000,0
"Wilmington Police","3 - Asian",Wilmington," Asian",2015-18,police,Wilmington,TRUE,47,3126,1,31,15,36,2934,2005,0.03800000000,0.015,0.396,1,0.0213,0.6596,0.3191,0.0017,0.6343,0.3678,0.7660,0.6834,0.0,0.0,0.0,,#9F81F7,Unused,Unused,"Windham County",1,1,1,0,0.021,1.000,1.000,0.000,0
"Wilmington Police","5 - Hispanic",Wilmington," Hispanic",2015-18,police,Wilmington,TRUE,83,3126,1,52,30,63,2934,2005,0.01000000000,0.027,2.655,1,0.0120,0.6265,0.3614,0.0017,0.6343,0.3678,0.7590,0.6834,0.0,0.0,0.0,,#F7D358,Unused,Unused,"Windham County",2,1,1,0,0.024,0.500,0.500,0.000,0
"Windham County Sheriff","1 - White","Windham County"," White",2017-18,sheriff,"Windham County",TRUE,5451,5524,75,3256,2120,3185,5451,3185,0.96400000000,0.987,1.024,1,0.0138,0.5973,0.3889,0.0138,0.5973,0.3889,0.5843,0.5843,0.0,0.0,0.0,,#58ACFA,Unused,Unused,"Windham County",21,9,5,5,0.004,0.429,0.238,0.238,35146
"Windham County Sheriff","2 - Black","Windham County"," Black",2017-18,sheriff,"Windham County",TRUE,28,5524,2,9,17,22,5451,3185,0.00900000000,0.005,0.563,1,0.0714,0.3214,0.6071,0.0138,0.5973,0.3889,0.7857,0.5843,0.0,0.0,0.0,,#58FAAC,Unused,Unused,"Windham County",1,1,1,1,0.036,1.000,1.000,1.000,638
"Windham County Sheriff","3 - Asian","Windham County"," Asian",2017-18,sheriff,"Windham County",FALSE,16,5524,0,0,0,12,5451,3185,0.02200000000,0.003,0.132,1,,,,0.0138,0.5973,0.3889,,0.5843,0.0,0.0,0.0,,#9F81F7,Unused,Unused,"Windham County",0,0,0,0,0.000,0.000,0.000,0.000,591
"Windham County Sheriff","5 - Hispanic","Windham County"," Hispanic",2017-18,sheriff,"Windham County",TRUE,29,5524,3,7,19,20,5451,3185,0.00400000000,0.005,1.312,1,0.1034,0.2414,0.6552,0.0138,0.5973,0.3889,0.6897,0.5843,0.0,0.0,0.0,,#F7D358,Unused,Unused,"Windham County",1,1,1,1,0.034,1.000,1.000,1.000,0
"Windsor County Sheriff","1 - White","Windsor County"," White",2017-18,sheriff,"Windsor County",TRUE,12494,13174,12,6141,679,8488,12494,8488,0.96100000000,0.948,0.987,1,0.0010,0.4915,0.0543,0.0010,0.4915,0.0543,0.6794,0.6794,0.0,0.0,0.0,,#58ACFA,Unused,Unused,"Windsor County",9,9,9,0,0.001,1.000,1.000,0.000,45323
"Windsor County Sheriff","2 - Black","Windsor County"," Black",2017-18,sheriff,"Windsor County",TRUE,156,13174,0,78,8,120,12494,8488,0.01000000000,0.012,1.184,1,0.0000,0.5000,0.0513,0.0010,0.4915,0.0543,0.7692,0.6794,0.0,0.0,0.0,,#58FAAC,Unused,Unused,"Windsor County",0,0,0,0,0.000,0.000,0.000,0.000,530
"Windsor County Sheriff","3 - Asian","Windsor County"," Asian",2017-18,sheriff,"Windsor County",TRUE,337,13174,0,151,5,249,12494,8488,0.02600000000,0.026,0.984,1,0.0000,0.4481,0.0148,0.0010,0.4915,0.0543,0.7389,0.6794,0.0,0.0,0.0,,#9F81F7,Unused,Unused,"Windsor County",1,0,0,0,0.003,0.000,0.000,0.000,723
"Windsor County Sheriff","5 - Hispanic","Windsor County"," Hispanic",2017-18,sheriff,"Windsor County",TRUE,181,13174,0,102,5,136,12494,8488,0.01300000000,0.014,1.057,1,0.0000,0.5635,0.0276,0.0010,0.4915,0.0543,0.7514,0.6794,0.0,0.0,0.0,,#F7D358,Unused,Unused,"Windsor County",0,0,0,0,0.000,0.000,0.000,0.000,0
"Windsor Police","1 - White",Windsor," White","2015-16,18",police,Windsor,TRUE,1642,1703,4,381,1277,919,1642,919,0.97700000000,0.964,0.987,1,0.0024,0.2320,0.7777,0.0024,0.2320,0.7777,0.5597,0.5597,0.0,0.0,0.0,,#58ACFA,Unused,Unused,"Windsor County",17,12,12,0,0.010,0.706,0.706,0.000,1489
"Windsor Police","2 - Black",Windsor," Black","2015-16,18",police,Windsor,TRUE,33,1703,1,7,25,22,1642,919,0.01200000000,0.019,1.615,1,0.0303,0.2121,0.7576,0.0024,0.2320,0.7777,0.6667,0.5597,0.0,0.0,0.0,,#58FAAC,Unused,Unused,"Windsor County",1,1,1,1,0.030,1.000,1.000,1.000,85
"Windsor Police","3 - Asian",Windsor," Asian",2016;2018,police,Windsor,FALSE,10,1498,0,0,0,5,1447,821,0.01200000000,0.007,0.556,1,,,,0.0021,0.2205,0.7913,,0.5674,0.0,0.0,0.0,,#9F81F7,Unused,Unused,"Windsor County",0,0,0,0,0.000,0.000,0.000,0.000,31
"Windsor Police","5 - Hispanic",Windsor," Hispanic","2015-16,18",police,Windsor,FALSE,17,1703,0,0,0,13,1642,919,0.00000000000,0.010,NULL,1,,,,0.0024,0.2320,0.7777,,0.5597,0.0,0.0,0.0,,#F7D358,Unused,Unused,"Windsor County",0,0,0,0,0.000,0.000,0.000,0.000,0
"Winhall Police","1 - White",Winhall," White",2017-18,police,Winhall,TRUE,1977,2069,10,490,1488,1188,1977,1188,0.91200000000,0.956,1.048,1,0.0051,0.2479,0.7527,0.0051,0.2479,0.7527,0.6009,0.6009,0.0,0.0,0.0,,#58ACFA,Unused,Unused,"Bennington County",21,17,13,2,0.011,0.810,0.619,0.095,513
"Winhall Police","2 - Black",Winhall," Black",2017-18,police,Winhall,TRUE,43,2069,0,7,36,33,1977,1188,0.01000000000,0.021,2.078,1,0.0000,0.1628,0.8372,0.0051,0.2479,0.7527,0.7674,0.6009,0.0,0.0,0.0,,#58FAAC,Unused,Unused,"Bennington County",5,4,2,0,0.116,0.800,0.400,0.000,25
"Winhall Police","3 - Asian",Winhall," Asian",2017-18,police,Winhall,TRUE,35,2069,0,14,21,26,1977,1188,0.04000000000,0.017,0.423,1,0.0000,0.4000,0.6000,0.0051,0.2479,0.7527,0.7429,0.6009,0.0,0.0,0.0,,#9F81F7,Unused,Unused,"Bennington County",0,0,0,0,0.000,0.000,0.000,0.000,3
"Winhall Police","5 - Hispanic",Winhall," Hispanic",2017,police,Winhall,FALSE,12,1096,0,0,0,8,1049,572,0.03700000000,0.011,0.296,1,,,,0.0038,0.2736,0.7359,,0.5453,0.0,0.0,0.0,,#F7D358,Unused,Unused,"Bennington County",0,0,0,0,0.000,0.000,0.000,0.000,0
"Winooski Police","1 - White",Winooski," White",2012-19,police,Winooski,TRUE,8854,10611,244,1739,6589,2784,8854,2784,0.81500000000,0.834,1.024,1,0.0276,0.1964,0.7442,0.0276,0.1964,0.7442,0.3144,0.3144,0.0,0.0,0.0,,#58ACFA,Unused,Unused,"Chittenden County",185,107,63,33,0.021,0.578,0.341,0.178,5216
"Winooski Police","2 - Black",Winooski," Black",2012-19,police,Winooski,TRUE,1206,10611,34,268,879,608,8854,2784,0.10300000000,0.114,1.103,1,0.0282,0.2222,0.7289,0.0276,0.1964,0.7442,0.5041,0.3144,0.0,0.0,0.0,,#58FAAC,Unused,Unused,"Chittenden County",54,31,19,5,0.045,0.574,0.352,0.093,228
"Winooski Police","3 - Asian",Winooski," Asian",2012-19,police,Winooski,TRUE,492,10611,14,85,389,200,8854,2784,0.07500000000,0.046,0.618,1,0.0285,0.1728,0.7907,0.0276,0.1964,0.7442,0.4065,0.3144,0.0,0.0,0.0,,#9F81F7,Unused,Unused,"Chittenden County",4,2,1,0,0.008,0.500,0.250,0.000,707
"Winooski Police","5 - Hispanic",Winooski," Hispanic",2012;2013;2014;2015;2016;2018;2019,police,Winooski,TRUE,51,9432,1,10,38,10,7868,2213,0.00700000000,0.005,0.772,1,0.0196,0.1961,0.7451,0.0282,0.2009,0.7360,0.1961,0.2813,0.0,0.0,0.0,,#F7D358,Unused,Unused,"Chittenden County",1,1,1,0,0.020,1.000,1.000,0.000,0
"Woodstock Police","1 - White",Woodstock," White",2015-18,police,Woodstock,TRUE,2655,2916,2,2195,447,1584,2655,1584,0.96400000000,0.910,0.944,1,0.0008,0.8267,0.1684,0.0008,0.8267,0.1684,0.5966,0.5966,0.0,0.0,0.0,,#58ACFA,Unused,Unused,"Windsor County",43,34,34,0,0.016,0.791,0.791,0.000,919
"Woodstock Police","2 - Black",Woodstock," Black",2015-18,police,Woodstock,TRUE,96,2916,0,84,12,81,2655,1584,0.00800000000,0.033,4.115,1,0.0000,0.8750,0.1250,0.0008,0.8267,0.1684,0.8438,0.5966,0.0,0.0,0.0,,#58FAAC,Unused,Unused,"Windsor County",1,1,1,0,0.010,1.000,1.000,0.000,5
"Woodstock Police","3 - Asian",Woodstock," Asian",2015-18,police,Woodstock,TRUE,68,2916,0,64,3,47,2655,1584,0.01600000000,0.023,1.457,1,0.0000,0.9412,0.0441,0.0008,0.8267,0.1684,0.6912,0.5966,0.0,0.0,0.0,,#9F81F7,Unused,Unused,"Windsor County",0,0,0,0,0.000,0.000,0.000,0.000,0
"Woodstock Police","5 - Hispanic",Woodstock," Hispanic",2015-18,police,Woodstock,TRUE,95,2916,0,88,7,70,2655,1584,0.01200000000,0.033,2.715,1,0.0000,0.9263,0.0737,0.0008,0.8267,0.1684,0.7368,0.5966,0.0,0.0,0.0,,#F7D358,Unused,Unused,"Windsor County",1,1,1,0,0.011,1.000,1.000,0.000,0
